{
"skeleton": { "hash": "KV5VjK2CqwXmF/KfN7to11TVjr4", "spine": "2.1.27", "width": 222.36, "height": 364.99, "images": "./images/" },
"bones": [
	{ "name": "root" },
	{ "name": "body", "parent": "root", "length": 181.76, "x": 0.36, "y": 1.05, "rotation": 77.13 },
	{ "name": "body2", "parent": "body", "length": 56.11, "x": 106.67, "y": 48.39, "rotation": 98.06 },
	{ "name": "dabi", "parent": "body", "length": 160.85, "x": 192.78, "y": 13.51, "rotation": 154.34, "color": "f7ff00ff" },
	{ "name": "tou", "parent": "body", "length": 74.99, "x": 238.58, "y": 22.86, "rotation": 18.7, "color": "08009cff" },
	{ "name": "fa_di", "parent": "tou", "length": 59.78, "x": 85.4, "y": 24.78, "rotation": 162.8, "color": "009c98ff" },
	{ "name": "fa_qian", "parent": "tou", "length": 36.6, "x": 115.36, "y": -17.47, "rotation": 134.54, "color": "f500d8ff" },
	{ "name": "fa_you_1", "parent": "tou", "length": 30, "x": 112.68, "y": -14.21, "rotation": -98.57, "color": "00ed10ff" },
	{ "name": "fa_you_8", "parent": "tou", "length": 39, "x": 111.5, "y": -6.5, "rotation": -100.78, "color": "fcfff7ff" },
	{ "name": "xiaobi", "parent": "dabi", "length": 129.68, "x": 159.69, "y": -0.81, "rotation": -137.59, "color": "c28400ff" },
	{ "name": "you_eye", "parent": "tou", "length": 24.54, "x": 39.76, "y": -0.39, "rotation": -107.19, "color": "08009cff" },
	{ "name": "zui_2", "parent": "tou", "length": 16.04, "x": 8.08, "y": 28.97, "rotation": 172.81, "color": "08009cff" },
	{ "name": "zuo_eye", "parent": "tou", "length": 16.15, "x": 46.24, "y": 31.91, "rotation": 72.1, "color": "08009cff" },
	{ "name": "fa_di2", "parent": "fa_di", "length": 47.98, "x": 58.6, "y": 0.82, "rotation": 29.55, "color": "009c98ff" },
	{ "name": "fa_qian2", "parent": "fa_qian", "length": 37.85, "x": 37.52, "y": 0.42, "rotation": 32.73, "color": "f500d8ff" },
	{ "name": "fa_qian3", "parent": "fa_qian", "length": 32.89, "x": 64.59, "y": -21.09, "rotation": 21.87, "color": "f500d8ff" },
	{ "name": "fa_qian4", "parent": "fa_qian", "length": 43.43, "x": 11.92, "y": 46.94, "rotation": 29.89, "color": "f500d8ff" },
	{ "name": "fa_you_2", "parent": "fa_you_1", "length": 46.19, "x": 20.59, "y": 0.25, "rotation": -65.82, "color": "00ed10ff" },
	{ "name": "fa_you_9", "parent": "fa_you_8", "length": 39.59, "x": 34.36, "y": -0.74, "rotation": -61.13, "color": "fcfff7ff" },
	{ "name": "hand", "parent": "xiaobi", "length": 55.37, "x": 125.54, "y": 0.11, "rotation": -50.73, "color": "9c0001ff" },
	{ "name": "fa_di3", "parent": "fa_di2", "length": 40.26, "x": 45.66, "y": -0.55, "rotation": -9.82, "color": "009c98ff" },
	{ "name": "fa_qian5", "parent": "fa_qian3", "length": 32.7, "x": 31.42, "y": 0.6, "rotation": 0.9, "color": "f500d8ff" },
	{ "name": "fa_qian7", "parent": "fa_qian4", "length": 22.35, "x": 43.49, "y": -1.99, "rotation": -15.4, "color": "f500d8ff" },
	{ "name": "fa_you_10", "parent": "fa_you_9", "length": 42.64, "x": 39.9, "y": -0.1, "rotation": -15.4, "color": "fcfff7ff" },
	{ "name": "fa_you_3", "parent": "fa_you_2", "length": 42.21, "x": 46.81, "y": -1.31, "rotation": -10.78, "color": "00ed10ff" },
	{ "name": "hand4", "parent": "hand", "length": 21.04, "x": 54.68, "y": 0.39, "rotation": -64.16, "color": "9c0001ff" },
	{ "name": "shou_zhi", "parent": "hand", "length": 22.04, "x": 56.4, "y": 8.01, "rotation": -44.54, "color": "9c0001ff" },
	{ "name": "fa_di4", "parent": "fa_di3", "length": 34.22, "x": 38.79, "y": -0.96, "rotation": -58.44, "color": "009c98ff" },
	{ "name": "fa_qian6", "parent": "fa_qian5", "length": 16.39, "x": 32.11, "y": -0.02, "rotation": 41.2, "color": "f500d8ff" },
	{ "name": "fa_qian8", "parent": "fa_qian7", "length": 18.22, "x": 21.67, "y": 0.56, "rotation": 38.76, "color": "f500d8ff" },
	{ "name": "fa_you_11", "parent": "fa_you_10", "length": 43.64, "x": 42.3, "y": -0.23, "rotation": -21.25, "color": "fcfff7ff" },
	{ "name": "fa_you_4", "parent": "fa_you_3", "length": 43.69, "x": 40.98, "y": 1.11, "rotation": -9.46, "color": "00ed10ff" },
	{ "name": "hand2", "parent": "hand4", "length": 9.7, "x": 20.53, "y": -9.03, "rotation": -41.24, "color": "9c0001ff" },
	{ "name": "hand3", "parent": "hand4", "length": 12.83, "x": 25.23, "y": -2.1, "rotation": -45.34, "color": "9c0001ff" },
	{ "name": "shou_zhi2", "parent": "shou_zhi", "length": 12.7, "x": 21.89, "y": -0.05, "rotation": -36.5, "color": "9c0001ff" },
	{ "name": "fa_di5", "parent": "fa_di4", "length": 15.54, "x": 34.78, "y": -0.7, "rotation": -32.41, "color": "009c98ff" },
	{ "name": "fa_qian9", "parent": "fa_qian8", "length": 15.24, "x": 18.07, "y": -0.55, "rotation": 72.8, "color": "f500d8ff" },
	{ "name": "fa_you_12", "parent": "fa_you_11", "length": 39.08, "x": 42.8, "y": -0.99, "rotation": 27.1, "color": "fcfff7ff" },
	{ "name": "fa_you_5", "parent": "fa_you_4", "length": 44.7, "x": 36.83, "y": -0.04, "rotation": -32.2, "color": "00ed10ff" },
	{ "name": "shou_zhi3", "parent": "shou_zhi2", "length": 10.53, "x": 12.29, "y": 0.01, "rotation": -13.71, "color": "9c0001ff" },
	{ "name": "fa_di6", "parent": "fa_di5", "length": 22.04, "x": 12.5, "y": 0.04, "rotation": -81.05, "color": "009c98ff" },
	{ "name": "fa_qian10", "parent": "fa_qian9", "length": 15.58, "x": 14.21, "y": 1.5, "rotation": 47.83, "color": "f500d8ff" },
	{ "name": "fa_you_13", "parent": "fa_you_12", "length": 39.59, "x": 36.73, "y": 0.27, "rotation": 17.48, "color": "fcfff7ff" },
	{ "name": "fa_you_6", "parent": "fa_you_5", "length": 28.3, "x": 45.44, "y": 0.76, "rotation": 61.13, "color": "00ed10ff" },
	{ "name": "fa_you_14", "parent": "fa_you_13", "length": 32.96, "x": 37, "y": -0.11, "rotation": -49.1, "color": "fcfff7ff" },
	{ "name": "fa_you_7", "parent": "fa_you_6", "length": 23.07, "x": 26.33, "y": -0.66, "rotation": 109.91, "color": "00ed10ff" },
	{ "name": "fa_you_15", "parent": "fa_you_14", "length": 30.32, "x": 33.77, "y": -1.44, "rotation": -56.83, "color": "fcfff7ff" },
	{ "name": "fa_you_16", "parent": "fa_you_15", "length": 22.6, "x": 30.37, "y": 1.42, "rotation": -66.58, "color": "fcfff7ff" }
],
"slots": [
	{ "name": "fa_di", "bone": "fa_di6", "attachment": "fa_di" },
	{ "name": "body", "bone": "body2", "attachment": "body" },
	{ "name": "tou", "bone": "tou", "attachment": "tou" },
	{ "name": "zuo_eye", "bone": "zuo_eye", "attachment": "zuo_eye" },
	{ "name": "you_eye", "bone": "you_eye", "attachment": "you_eye" },
	{ "name": "fa_you_2", "bone": "fa_you_16", "attachment": "fa_you_2" },
	{ "name": "fa_qian", "bone": "fa_qian10", "attachment": "fa_qian" },
	{ "name": "fa_you_1", "bone": "fa_you_7", "attachment": "fa_you_1" },
	{ "name": "xiaobi", "bone": "xiaobi", "attachment": "xiaobi" },
	{ "name": "dabi", "bone": "dabi", "attachment": "dabi" },
	{ "name": "hand", "bone": "hand4", "attachment": "hand" },
	{ "name": "shou_zhi", "bone": "shou_zhi3", "attachment": "shou_zhi" },
	{ "name": "zui_2", "bone": "zui_2", "attachment": "zui_1" }
],
"skins": {
	"default": {
		"body": {
			"body": {
				"type": "skinnedmesh",
				"uvs": [ 0.7783, 0.17074, 0.7849, 0.22039, 0.8796, 0.29666, 0.95962, 0.36243, 0.99037, 0.40052, 0.99998, 0.44973, 0.98652, 0.50812, 0.89415, 0.66213, 0.76715, 0.8769, 0.77196, 0.88922, 0.75176, 1, 0.19984, 1, 0.17684, 0.88838, 0.16043, 0.78679, 0.16204, 0.75741, 0.08476, 0.72723, 0.03975, 0.69148, 0.00679, 0.6341, 0.00652, 0.58763, 0.01899, 0.53682, 0.08011, 0.49195, 0.22737, 0.45155, 0.31741, 0.4226, 0.41879, 0.37582, 0.48507, 0.33017, 0.53265, 0.26929, 0.53328, 0.23562, 0.48236, 0.23984, 0.44401, 0.25161, 0.40703, 0.26076, 0.41503, 0.23842, 0.41372, 0.21891, 0.44459, 0.19687, 0.46923, 0.19645, 0.49318, 0.18222, 0.51577, 0.17908, 0.50838, 0.12878, 0.52095, 0.1028, 0.75037, 0.02238, 0.78515, 8.3E-4, 0.8085, 0.00138, 0.82864, 0.02146, 0.78931, 0.10806, 0.33338, 0.48225, 0.45255, 0.5329, 0.37371, 0.66618, 0.23844, 0.75128, 0.10478, 0.59729, 0.27709, 0.56487, 0.56631, 0.43844, 0.63533, 0.30963, 0.57781, 0.19385, 0.45609, 0.42182, 0.55108, 0.3358, 0.57267, 0.27061 ],
				"triangles": [ 43, 22, 23, 43, 23, 52, 21, 22, 43, 48, 21, 43, 47, 20, 21, 47, 21, 48, 19, 20, 47, 18, 19, 47, 17, 18, 47, 44, 48, 43, 16, 17, 47, 15, 16, 47, 46, 47, 48, 14, 15, 47, 46, 48, 45, 46, 13, 14, 39, 41, 38, 41, 39, 40, 42, 38, 41, 42, 51, 38, 51, 37, 38, 51, 35, 36, 37, 51, 36, 51, 42, 0, 26, 35, 51, 28, 30, 31, 27, 33, 34, 34, 35, 26, 27, 34, 26, 32, 28, 31, 32, 33, 27, 28, 32, 27, 29, 30, 28, 54, 26, 51, 25, 26, 54, 1, 50, 51, 1, 51, 0, 54, 51, 50, 53, 25, 54, 53, 54, 50, 24, 25, 53, 52, 23, 24, 52, 24, 53, 49, 53, 50, 52, 53, 49, 5, 6, 3, 5, 3, 4, 44, 52, 49, 2, 6, 49, 6, 2, 3, 6, 7, 49, 2, 50, 1, 2, 49, 50, 7, 44, 49, 8, 44, 7, 45, 44, 8, 12, 13, 46, 11, 12, 46, 10, 45, 8, 10, 8, 9, 11, 46, 45, 10, 11, 45, 46, 14, 47, 44, 43, 52, 45, 48, 44 ],
				"vertices": [ 1, 1, 232.5, -1.74, 1, 1, 1, 219.45, -5.9, 1, 1, 1, 202.65, -26.54, 1, 1, 1, 188.1, -44.06, 1, 1, 1, 179.07, -51.58, 1, 1, 1, 166.25, -56.22, 1, 1, 1, 150.08, -57.52, 1, 1, 1, 105.23, -51.37, 1, 1, 1, 42.76, -43.1, 1, 1, 1, 39.64, -44.67, 1, 1, 1, 9.16, -48.04, 1, 1, 1, -12.09, 45.03, 1, 1, 1, 16.94, 55.74, 1, 2, 1, 43.54, 64.73, 0.87999, 2, 25.03, 60.2, 0.12, 2, 1, 51.48, 66.26, 0.87999, 2, 25.43, 52.13, 0.12, 2, 1, 56.6, 81.14, 0.12075, 2, 39.43999, 44.98, 0.87924, 2, 1, 64.44999, 90.92, 0.05535, 2, 48.03, 35.83, 0.94464, 2, 1, 78.56, 100, 0.01099, 2, 55.03, 20.58, 0.989, 1, 2, 56.14, 7.85, 1, 1, 2, 55.16, -6.24, 1, 1, 2, 45.66, -19.42, 1, 2, 1, 136, 73.97, 0.03576, 2, 21.2, -32.62, 0.96423, 2, 1, 147.23, 60.56, 0.20707, 2, 6.35, -41.86, 0.79292, 2, 1, 163.68, 46.32, 0.59265, 2, -10.04, -56.15, 0.40734, 1, 1, 178.47, 37.93999, 1, 1, 1, 196.62, 33.64, 1, 1, 1, 205.67, 35.59999, 1, 1, 1, 202.58, 43.93, 1, 1, 1, 197.95, 49.67, 1, 1, 1, 194.07, 55.35, 1, 1, 1, 200.37, 55.37, 1, 1, 1, 205.55, 56.79, 1, 1, 1, 212.65, 52.93, 1, 1, 1, 213.71, 48.8, 1, 1, 1, 218.45, 45.63, 1, 1, 1, 220.16, 42.01, 1, 1, 1, 233.36, 46.34, 1, 1, 1, 240.81, 45.81, 1, 1, 1, 271.2, 12.04, 1, 1, 1, 278.32, 7.49, 1, 1, 1, 279.07, 3.52, 1, 1, 1, 274.47, -1.09, 1, 1, 1, 249.73, 0.23, 1, 2, 1, 131.85, 54.21, 0.08088, 2, 2.22, -25.75, 0.91911, 2, 1, 122.86, 31.01, 0.952, 2, -19.48, -13.59, 0.04799, 2, 1, 84.1, 36.15, 0.87999, 2, -8.95, 24.06, 0.12, 2, 1, 56.07, 53.75, 0.87999, 2, 12.4, 49.34, 0.12, 2, 1, 92.21, 85.72, 0.00792, 2, 38.98, 9.08, 0.99207, 1, 2, 10.02, -2.29, 1, 1, 1, 152.57, 17.61, 1, 1, 1, 189.76, 13.85, 1, 1, 1, 218.59, 30.64, 1, 2, 1, 152.78, 37.22, 0.6291, 2, -17.53, -44.08, 0.37088, 1, 1, 179.5, 26.46, 1, 1, 1, 197.81, 26.81, 1 ],
				"hull": 43,
				"edges": [ 78, 80, 80, 82, 82, 84, 0, 84, 0, 2, 2, 4, 4, 6, 8, 10, 10, 12, 12, 14, 14, 16, 16, 18, 18, 20, 20, 22, 30, 32, 32, 34, 34, 36, 36, 38, 38, 40, 40, 42, 42, 44, 44, 46, 46, 48, 48, 50, 50, 52, 52, 54, 76, 78, 74, 76, 72, 74, 70, 72, 68, 70, 66, 68, 64, 66, 60, 62, 62, 64, 58, 60, 54, 56, 56, 58, 28, 30, 26, 28, 22, 24, 24, 26, 6, 8, 86, 42, 86, 88, 88, 90, 90, 92, 92, 28, 88, 98, 98, 100, 100, 102, 86, 104, 104, 106, 106, 108 ],
				"width": 173,
				"height": 275
			}
		},
		"dabi": {
			"dabi": {
				"type": "mesh",
				"uvs": [ 0.96956, 0.10245, 0.99524, 0.19609, 0.98763, 0.29187, 0.92295, 0.43076, 0.85826, 0.5137, 0.75553, 0.56897, 0.64234, 0.57658, 0.47907, 0.75264, 0.35006, 0.86782, 0.2206, 0.95692, 0.13614, 0.99291, 0.07417, 0.99999, 0.03012, 0.98229, 0.01621, 0.92485, 0.01312, 0.86949, 0.0641, 0.76666, 0.17223, 0.6082, 0.33097, 0.43535, 0.49311, 0.22506, 0.61085, 0.05122, 0.68869, 0.01084, 0.76871, 0.0018, 0.82293, 0.00843, 0.90868, 0.04432 ],
				"triangles": [ 1, 23, 0, 23, 2, 22, 1, 2, 23, 21, 22, 3, 2, 3, 22, 19, 21, 3, 20, 21, 19, 4, 5, 3, 3, 18, 19, 5, 18, 3, 6, 17, 18, 5, 6, 18, 7, 17, 6, 16, 17, 7, 8, 16, 7, 15, 16, 8, 14, 10, 13, 15, 9, 14, 8, 9, 15, 13, 11, 12, 14, 9, 10, 10, 11, 13 ],
				"vertices": [ -11.44, 0.26, -1.61, 12.12, 11.03, 20.99, 33.48, 28.7, 48.88, 30.79, 63.71, 26.45, 73.33999, 16.32, 108.02, 18.27, 132.42, 17.4, 153.56, 13.88, 164.56, 9.37, 170.2, 4.11, 171.35, -1.89, 165.18, -8.99, 158.44, -14.84, 141.58, -20.25, 113.34, -25.73, 79.41, -27.79, 40.5, -33.28, 9.59, -39.39, -1.45, -35.95, -8.72, -29.15, -12.04, -23.27, -14.09, -11.42 ],
				"hull": 24,
				"edges": [ 42, 44, 44, 46, 0, 46, 0, 2, 2, 4, 4, 6, 6, 8, 8, 10, 10, 12, 12, 14, 16, 18, 22, 24, 18, 20, 20, 22, 24, 26, 26, 28, 28, 30, 30, 32, 32, 34, 40, 42, 38, 40, 34, 36, 36, 38, 14, 16 ],
				"width": 123,
				"height": 161
			}
		},
		"fa_di": {
			"fa_di": {
				"type": "skinnedmesh",
				"uvs": [ 0.72322, 0.19668, 0.89932, 0.28079, 0.87761, 0.51199, 0.96841, 0.6038, 0.99999, 0.70748, 0.9921, 0.80545, 0.89735, 0.87133, 0.72561, 0.89669, 0.5662, 0.93339, 0.42671, 0.97267, 0.23088, 1, 0.06634, 0.98889, 0.01334, 0.93083, 0.03553, 0.86251, 0.12633, 0.81515, 0.2349, 0.79864, 0.29807, 0.85263, 0.36914, 0.82675, 0.41314, 0.76153, 0.39257, 0.66007, 0.30254, 0.56308, 0.11054, 0.43165, 0.14836, 0.27316, 0.25246, 0.12262, 0.36467, 0.06593, 0.49241, 0.0111, 0.58242, 0.00759, 0.66067, 0.02512, 0.72322, 0.09101, 0.48512, 0.16509, 0.46989, 0.3249, 0.58796, 0.51602, 0.68317, 0.6363, 0.7365, 0.74998, 0.61462, 0.84224, 0.37848, 0.91474, 0.169, 0.92792 ],
				"triangles": [ 29, 24, 25, 29, 23, 24, 30, 23, 29, 22, 23, 30, 29, 25, 26, 27, 0, 26, 28, 0, 27, 26, 0, 29, 0, 30, 29, 20, 22, 30, 21, 22, 20, 2, 0, 1, 31, 0, 2, 31, 30, 0, 20, 30, 31, 32, 31, 2, 33, 32, 2, 33, 2, 3, 32, 19, 31, 19, 20, 31, 33, 3, 4, 32, 18, 19, 4, 6, 33, 5, 6, 4, 34, 18, 32, 34, 32, 33, 7, 34, 33, 7, 33, 6, 35, 17, 18, 35, 18, 34, 16, 17, 35, 8, 35, 34, 8, 34, 7, 9, 35, 8, 10, 35, 9, 11, 12, 36, 10, 36, 35, 11, 36, 10, 36, 14, 15, 36, 15, 16, 13, 14, 36, 36, 16, 35, 12, 13, 36 ],
				"vertices": [ 3, 20, -66.23, 18.83, 0, 13, -16.37, 29.32, 0.13635, 5, 29.89, 18.26, 0.86364, 2, 13, 2.08, 37.52, 0.58414, 5, 41.9, 34.5, 0.41585, 3, 20, -8.97, 22.43, 0.05691, 13, 40.65, 23.08, 0.941, 5, 82.58, 40.96, 0.00207, 2, 20, 8.21, 26.97, 0.19072, 13, 58.36, 24.62, 0.80927, 3, 27, -29.83, 4.27, 0.031, 20, 26.82, 26.7, 0.47558, 13, 76.65, 21.16, 0.4934, 3, 27, -18.18, 17.25, 0.23758, 20, 43.98, 23.56, 0.57899, 13, 93.03, 15.13, 0.18342, 3, 27, -5.06, 21.57, 0.52843, 20, 54.52, 14.64, 0.41857, 13, 101.89, 4.54, 0.05298, 3, 27, 7.97, 16.54, 0.88366, 20, 57.07, 0.9, 0.11537, 13, 102.04, -9.42, 9.5E-4, 2, 35, -18.86, 5.07, 0.02755, 27, 21.58, 13.68, 0.97244, 2, 35, -7.29, 10.6, 0.31959, 27, 34.3, 12.15, 0.6804, 3, 40, -13.9, -2.07, 0.01463, 35, 8.28, 13.45, 0.91179, 27, 48.99, 6.21, 0.07357, 1, 35, 20.58, 9.84, 1, 1, 35, 23.28, -0.93, 1, 2, 40, 13.82, 5.4, 0.85959, 35, 20, -12.77, 0.1404, 2, 40, 19.92, -3.68, 0.98551, 27, 34.05, -24.19, 0.01448, 2, 40, 20.37, -12.53, 0.94074, 27, 25.75, -21.08, 0.05925, 4, 40, 9.77, -14.47, 0.35265, 35, -0.26, -11.87, 0.16798, 27, 28.19, -10.58, 0.47662, 20, 44.52, -30.52, 0.00274, 4, 40, 12.64, -21.03, 0.04027, 35, -6.29, -15.72, 0.00949, 27, 21.04, -10.61, 0.87312, 20, 40.75999, -24.44, 0.07707, 2, 27, 10.99, -17.34, 0.45257, 20, 29.77, -19.4, 0.54742, 2, 27, 0.62, -32.21, 0.01781, 20, 11.67, -18.34, 0.98218, 2, 20, -6.41, -22.69, 0.7874, 13, 35.45, -21.82, 0.21259, 3, 20, -31.71, -33.91, 0.07436, 13, 8.60999, -28.55, 0.73419, 5, 80.18, -19.76, 0.19143, 3, 20, -59.19, -26.93, 1.6E-4, 13, -17.27, -16.96999, 0.11105, 5, 51.95, -22.45, 0.88878, 2, 20, -84.54, -15.1, 0, 5, 24.1, -19.87, 0.99999, 2, 20, -93.27, -5.09, 0, 5, 12.5, -13.38, 0.99999, 2, 20, -101.49, 6.05, 0, 5, 1, -5.66, 1, 1, 5, -0.97, 1, 1, 2, 20, -97.14, 18.51, 0, 5, 0.9, 7.53, 1, 3, 20, -84.84, 21.57, 0, 13, -34.24, 35.2, 9.0E-4, 5, 11.45, 14.55, 0.99909, 1, 5, 27.98, -0.82, 1, 2, 13, -0.78, 3.66, 0.39589, 5, 56.1, 3.62, 0.6041, 1, 13, 34.36, 1.67, 1, 2, 20, 10.73, 4.4, 0.34526, 13, 56.99, 1.94, 0.65473, 3, 27, -9.42, -2.94, 0.17636, 20, 31.35, 5.52, 0.75686, 13, 77.5, -0.47, 0.06676, 1, 27, 8.31, 3.63, 1, 2, 35, -4.96, -0.1, 0.1261, 27, 30.53, 1.86, 0.87389, 1, 40, -0.25, -1.14, 1 ],
				"hull": 29,
				"edges": [ 46, 48, 44, 46, 42, 44, 40, 42, 38, 40, 36, 38, 34, 36, 32, 34, 30, 32, 26, 28, 28, 30, 24, 26, 22, 24, 20, 22, 18, 20, 16, 18, 14, 12, 12, 10, 10, 8, 8, 6, 6, 4, 4, 2, 2, 0, 0, 56, 52, 54, 54, 56, 48, 50, 50, 52, 14, 16, 58, 60, 60, 62, 62, 64, 64, 66, 66, 68, 68, 70, 70, 72, 72, 24 ],
				"width": 77,
				"height": 178
			}
		},
		"fa_qian": {
			"fa_qian": {
				"type": "skinnedmesh",
				"uvs": [ 0.9417, 0.17064, 1, 0.38259, 0.9788, 0.56671, 0.8834, 0.77253, 0.83994, 0.82782, 0.85902, 0.89573, 0.92262, 0.92381, 0.9629, 0.9063, 0.9792, 0.83005, 0.99152, 0.92007, 0.94283, 0.97335, 0.90012, 0.9958, 0.78006, 0.99999, 0.71908, 0.96416, 0.67947, 0.86752, 0.72605, 0.70036, 0.68474, 0.70482, 0.70723, 0.65682, 0.70581, 0.60869, 0.40604, 0.56824, 0.37226, 0.54803, 0.23767, 0.55079, 0.20757, 0.57375, 0.18996, 0.5682, 0.09742, 0.69465, 0.05875, 0.80105, 0.08378, 0.86034, 0.03717, 0.83692, 0.01154, 0.79185, 0.03717, 0.67949, 0.07435, 0.50216, 0.15897, 0.25888, 0.25925, 0.13999, 0.43122, 0.04333, 0.63053, 0, 0.71608, 0.02682, 0.66308, 0.08451, 0.78694, 0.09094, 0.06648, 0.68516, 0.03771, 0.79547, 0.1336, 0.51894, 0.22151, 0.36864, 0.37664, 0.27226, 0.60405, 0.29428, 0.81815, 0.3404, 0.88831, 0.5312, 0.80618, 0.74081, 0.7578, 0.84565, 0.79046, 0.93266, 0.88965, 0.96201, 0.95255, 0.9358 ],
				"triangles": [ 7, 8, 9, 50, 6, 7, 50, 7, 9, 10, 50, 9, 49, 5, 6, 48, 5, 49, 49, 6, 50, 10, 49, 50, 11, 49, 10, 12, 48, 49, 12, 49, 11, 47, 14, 15, 5, 48, 47, 5, 47, 4, 13, 14, 47, 13, 47, 48, 12, 13, 48, 45, 16, 17, 15, 16, 45, 46, 15, 45, 3, 46, 45, 4, 46, 3, 47, 15, 46, 47, 46, 4, 44, 37, 0, 44, 0, 1, 45, 44, 1, 2, 45, 1, 18, 43, 44, 18, 44, 45, 17, 18, 45, 2, 3, 45, 27, 28, 39, 26, 27, 39, 26, 39, 25, 38, 29, 30, 24, 38, 23, 39, 28, 29, 38, 39, 29, 38, 25, 39, 24, 25, 38, 31, 32, 42, 41, 31, 42, 30, 31, 41, 40, 30, 41, 21, 40, 41, 20, 21, 41, 23, 40, 21, 22, 23, 21, 40, 38, 30, 23, 38, 40, 20, 41, 42, 19, 20, 42, 43, 19, 42, 19, 43, 18, 36, 34, 35, 42, 32, 33, 36, 43, 33, 36, 33, 34, 42, 33, 43, 43, 36, 37, 44, 43, 37 ],
				"vertices": [ 2, 6, -8.64, 32.45, 0.29019, 16, -25.05, -2.31, 0.7098, 2, 28, -2.99, 125.5, 0, 16, 1.99, 9.24, 1, 2, 28, 18.62, 112.98, 0, 16, 26.91, 10.99, 1, 2, 28, 39.32, 91.35, 0, 22, 10.45, 9.81, 1, 4, 28, 44.02, 83.64, 0, 22, 19.37, 8.37, 0.53282, 29, 3.09, 7.53, 0.45888, 36, 3.29, 16.7, 0.00828, 3, 22, 26.72, 14.29, 0.03207, 29, 12.52, 7.54, 0.51134, 36, 6.09, 7.68, 0.45657, 4, 22, 26.99, 22.63, 7.9E-4, 29, 17.95999, 13.88, 0.01499, 36, 13.75, 4.36, 0.52316, 41, 1.81, 2.26, 0.46104, 3, 28, 59.61, 92.37, 0, 36, 18.31, 7.01, 0.01725, 41, 6.83, 0.66, 0.98274, 5, 28, 51.02, 98.35, 0, 22, 12.72, 23.25, 0, 29, 7.22, 23.29, 1.0E-5, 36, 19.57, 17.4, 0.00172, 41, 15.39, 6.7, 0.99825, 1, 41, 7.93, -3, 1, 3, 28, 66.89, 86.49, 0, 36, 16.53, -2.16, 0.52103, 41, -1.16, -4.17, 0.47896, 3, 28, 67.58, 80.69, 0, 36, 11.72, -5.49, 0.84983, 41, -6.85, -2.85, 0.15016, 4, 28, 62.3, 67.66, 0, 22, 43.39, 11.9, 3.0E-5, 29, 24.03, -4.75, 0.49573, 36, -2.25, -6.93, 0.50423, 3, 28, 54.95, 63.16, 0, 29, 17.64, -10.54, 0.85321, 36, -9.67, -2.54, 0.14678, 3, 28, 41.15, 64.32, 0, 22, 32.18999, -6.34, 0.10266, 29, 3.87, -11.97, 0.89733, 4, 14, 52.5, 35.4, 0.04084, 15, 27.76, 74.73, 1.3E-4, 16, 49.68, -15.1, 0.09447, 22, 9.45, -10.99, 0.86454, 5, 14, 53.67, 30.68, 0.04814, 15, 29.81, 70.31, 1.5E-4, 28, 21.4, 73.94999, 0, 16, 51.09, -19.76, 0.10028, 22, 12.05, -15.11, 0.85141, 4, 14, 46.93, 32.50999, 0.10157, 15, 22.83, 70.83999, 2.8E-4, 16, 44.26, -18.26, 0.23149, 22, 5.06, -15.48, 0.66664, 4, 14, 40.49, 31.57, 0.26361, 15, 16.69, 68.69999, 6.3E-4, 16, 37.89, -19.52, 0.4108, 22, -0.74, -18.39, 0.32494, 3, 14, 39.27, -3.89, 0.97972, 15, 22.18, 33.63, 0.02026, 28, -8.84, 51.86, 0, 5, 14, 37.03, -8.14, 0.84681, 15, 20.79, 29.04, 0.1511, 28, -12.96, 49.39, 0, 16, 36.41, -59.37, 0.00159, 22, 8.41, -57.19, 4.7E-4, 6, 14, 39.28, -23.73, 0.22471, 15, 25.94, 14.15, 0.72476, 21, -5.25, 13.63, 0.04989, 28, -19.12, 34.89, 0, 16, 39.43, -74.83, 4.5E-4, 22, 15.43, -71.29, 1.7E-4, 6, 14, 42.78, -26.86, 0.11502, 15, 29.97, 11.74, 0.72372, 21, -1.27, 11.16, 0.16089, 28, -17.75, 30.4, 0, 16, 43.08, -77.78, 2.5E-4, 22, 19.73, -73.17, 9.0E-5, 5, 14, 42.28, -28.99, 0.07624, 15, 29.88, 9.55, 0.7208, 21, -1.39, 8.97, 0.2027, 16, 42.69, -79.93, 1.8E-4, 22, 19.93, -75.35, 6.0E-5, 1, 21, 18.07, 3.55, 1, 3, 15, 64.5, 4.51, 0, 21, 33.13, 3.37, 0.2939, 28, 3, 1.88, 0.70609, 5, 14, 82.92, -36.61, 0, 15, 71.23, 9.74, 0, 28, 11.5, 1.24, 0.99999, 16, 83.66, -85.52, 0, 22, 60.91, -69.85, 0, 1, 28, 6.37, -2.41, 1, 2, 21, 33.54, -2.26, 0.52266, 28, -0.4, -2.63, 0.47732, 1, 21, 18.15, -3.78, 1, 3, 15, 25.51, -6.04, 0.98651, 21, -6.01, -6.55, 0.01348, 28, -32.99, 20.2, 0, 3, 6, 58.91, -30.51, 0.08279, 15, -8.78, -6.62, 0.9172, 28, -58.81, 42.77, 0, 5, 6, 39.07, -31.7, 0.5213, 14, -16.07, -27.86, 0.07207, 15, -27.64, -0.34, 0.4066, 28, -68.58999, 60.08, 0, 16, -15.65, -81.71, 0, 4, 6, 16.18, -24.52, 0.93761, 14, -31.43, -9.43999, 5.5E-4, 15, -46.2, 14.84, 0.06182, 16, -31.91, -64.08, 0, 2, 6, -3.18, -10.28, 0.99981, 14, -40.03, 13, 1.8E-4, 2, 6, -6.77, -0.26, 1, 28, -60.44, 115.07, 0, 3, 6, 3.17, -0.07, 0.97977, 28, -55.91, 106.21, 0, 16, -31.01, -36.4, 0.02022, 4, 6, -5.39, 11.64, 0.68945, 15, -52.76, 56.44, 0, 28, -49.14, 119.05, 0, 16, -32.59999, -21.97, 0.31054, 1, 21, 17.89, -0.28, 1, 2, 21, 33.12, 0.8, 0.5, 28, 1.29999, -0.04, 0.5, 1, 15, 25.56, 1.24, 1, 4, 14, 15.09, -28.55, 0.02895, 15, 3.1, 4.86, 0.97103, 16, 15.51, -80.85, 0, 22, -6.02, -83.44999, 0, 3, 6, 44.07, -9.72999, 0.25766, 14, 0.01, -12.09, 0.51748, 15, -14.82, 18.18, 0.22484, 4, 6, 29.4, 12.65, 0.60752, 14, -0.21, 14.68, 0.28253, 28, -32.97, 88.23, 0, 16, -1.93, -38.43, 0.10993, 5, 6, 18.21999, 35.91999, 0.1588, 14, 2.96, 40.29, 0.08788, 15, -21.8, 70.18, 3.0E-5, 28, -16.95, 108.48, 0, 16, -0.02, -12.69, 0.75327, 1, 16, 23.97, -0.24, 1, 2, 28, 31.69, 84.89, 0, 22, 10.41, -0.18, 1, 3, 28, 42.25, 73.89, 0, 22, 25.63, 0.69, 0.1977, 29, 3.16, -2.36999, 0.80229, 2, 29, 15.48, -1.42, 0.5, 36, -1.6, 2.21, 0.5, 1, 36, 10.22, -1.02, 1, 2, 36, 17.35, 2.96, 0.23626, 41, 3.18, -1.34, 0.76373 ],
				"hull": 38,
				"edges": [ 68, 70, 66, 68, 62, 64, 64, 66, 60, 62, 58, 60, 56, 58, 54, 56, 50, 52, 52, 54, 48, 50, 46, 48, 44, 46, 42, 44, 40, 42, 38, 40, 18, 20, 14, 16, 16, 18, 14, 12, 12, 10, 10, 8, 8, 6, 6, 4, 4, 2, 2, 0, 0, 74, 70, 72, 72, 74, 24, 26, 20, 22, 22, 24, 26, 28, 28, 30, 30, 32, 32, 34, 34, 36, 36, 38, 76, 78, 78, 52, 76, 80, 80, 82, 82, 84, 84, 86, 86, 88, 88, 90, 90, 92, 92, 94, 94, 96, 96, 98, 98, 100, 90, 32 ],
				"width": 117,
				"height": 135
			}
		},
		"fa_you_1": {
			"fa_you_1": {
				"type": "skinnedmesh",
				"uvs": [ 0.79453, 0.3838, 0.913, 0.46716, 0.97778, 0.5468, 0.97778, 0.63338, 0.87412, 0.7051, 0.75381, 0.75758, 0.84081, 0.79224, 0.88893, 0.86127, 0.85562, 0.93021, 0.74456, 0.98212, 0.60128, 0.99998, 0.42459, 0.99998, 0.28777, 0.98345, 0.17451, 0.93846, 0.13327, 0.87692, 0.02591, 0.82784, 0.02591, 0.75224, 0.1055, 0.67906, 0.24988, 0.58899, 0.31718, 0.57336, 0.38615, 0.45744, 0.40976, 0.36595, 0.41557, 0.30133, 0.36522, 0.22373, 0.27826, 0.12982, 0.19792, 0.07666, 0.11233, 0.04849, 0.01054, 0.04748, 0.00175, 0.03369, 0.03871, 0.01144, 0.11589, 0.01026, 0.17873, 0.00159, 0.28045, 0.0012, 0.36998, 0.01874, 0.51914, 0.08512, 0.649, 0.19443, 0.15273, 0.03016, 0.26741, 0.03397, 0.39809, 0.09499, 0.51811, 0.19987, 0.60612, 0.36385, 0.65146, 0.45347, 0.60878, 0.58224, 0.40876, 0.669, 0.29142, 0.77101, 0.37676, 0.88542, 0.64345, 0.93119, 0.77947, 0.85681, 0.55811, 0.84157 ],
				"triangles": [ 10, 46, 9, 10, 11, 46, 9, 47, 8, 9, 46, 47, 46, 48, 47, 8, 47, 7, 47, 6, 7, 48, 5, 47, 47, 5, 6, 12, 45, 11, 11, 45, 46, 12, 13, 45, 13, 44, 45, 13, 14, 44, 45, 48, 46, 45, 44, 48, 14, 15, 44, 48, 44, 5, 15, 17, 44, 15, 16, 17, 44, 43, 5, 44, 17, 43, 43, 42, 5, 17, 18, 43, 43, 18, 42, 18, 19, 42, 5, 42, 4, 4, 42, 3, 3, 42, 2, 19, 20, 42, 42, 20, 41, 42, 1, 2, 1, 41, 0, 1, 42, 41, 40, 41, 20, 40, 20, 21, 41, 40, 0, 40, 35, 0, 21, 22, 40, 22, 39, 40, 40, 39, 35, 22, 23, 39, 23, 38, 39, 23, 24, 38, 39, 34, 35, 39, 38, 34, 24, 37, 38, 38, 37, 33, 38, 33, 34, 25, 37, 24, 37, 32, 33, 26, 36, 25, 25, 36, 37, 36, 26, 28, 26, 27, 28, 36, 31, 37, 37, 31, 32, 28, 30, 36, 28, 29, 30, 36, 30, 31 ],
				"vertices": [ 3, 24, 31.8, 14, 0.83456, 31, -11.17, 11.2, 0.16541, 38, -46.62, -16.04999, 1.0E-5, 3, 24, 50.38, 19.42, 0.15297, 31, 6.26, 19.6, 0.84702, 43, -39.88, 71.42, 0, 3, 31, 22.84, 24.05, 1, 38, -24.68, 12.94, 0, 43, -23.21, 67.29, 0, 5, 24, 85.09, 17.78, 0, 31, 40.75999, 23.68, 0.99465, 38, -9.31, 22.17, 0.00295, 43, -7.71, 58.3, 0, 45, 67.01999, 11.91, 0.00238, 3, 24, 98.26, 7.5, 0, 31, 55.44, 15.7, 0.94404, 45, 50.72, 8.25, 0.05594, 5, 24, 107.29, -3.25, 0, 31, 66.12, 6.57, 0.4239, 38, 21.25, 21.2, 0.11421, 43, 6.21, 31.06, 0.00104, 45, 36.66999, 8.1, 0.46083, 4, 24, 115.53, 1.74, 0, 31, 73.42, 12.86, 0.07051, 38, 24.09, 30.42, 0.01606, 45, 35.31, -1.43, 0.91342, 1, 45, 26.64, -13.34, 1, 1, 45, 14.12, -20.62, 1, 2, 43, 46.07, 7.14, 0.08152, 45, 0.6, -21.22, 0.91846, 3, 24, 154.52, -23.62, 0, 43, 43.95, -3.88, 0.35802, 45, -9.03, -15.46, 0.64196, 3, 24, 152.11, -36.47, 0, 43, 37.39, -15.19, 0.80745, 45, -17.42, -5.44, 0.19254, 2, 43, 29.35, -22.23, 0.9712, 45, -21.3, 4.51, 0.02879, 3, 24, 136.17, -52.3, 0, 38, 75.42, 3.73, 0.00863, 43, 17.08, -24.81, 0.99135, 3, 24, 123.09, -52.95, 0, 38, 66.07, -5.43, 0.13575, 43, 4.53, -21.06, 0.86423, 3, 24, 111.63, -58.88, 0, 38, 61.45, -17.46999, 0.41827, 43, -8.24, -22.83, 0.58172, 3, 24, 96.25, -55.99, 1.0E-5, 38, 48.04, -25.53, 0.74532, 43, -21.77, -14.98, 0.25466, 4, 24, 82.44999, -47.4, 1.0E-5, 31, 48.86, -41.04, 0.0053, 38, 32.02, -28.28, 0.95509, 43, -31.92, -2.28, 0.03957, 2, 31, 30.44, -29.97, 0.17666, 38, 10.54, -28.73, 0.82333, 4, 24, 63.84, -27.96, 8.3E-4, 31, 27.31, -24.93, 0.32659, 38, 5.19999, -26.12, 0.67252, 43, -42.99, 22.24, 4.0E-5, 4, 24, 41.2, -18.51, 0.40498, 31, 3.43, -19.32, 0.56392, 38, -17.99, -34.09999, 0.03107, 43, -61.19, 38.7, 1.0E-5, 3, 24, 22.91, -13.3, 0.98312, 31, -15.46, -17.18, 0.01687, 43, -76.69999, 49.72, 0, 4, 17, 54.53, -13.37, 0.0646, 24, 9.84, -10.39999, 0.93538, 38, -46.81, -48.88, 0, 43, -88.05, 56.8, 0, 4, 17, 38.22, -10.97, 0.82701, 24, -6.62, -11.1, 0.17298, 38, -58.66, -60.34, 0, 43, -103.82, 61.64, 0, 4, 7, 18.86, -19.99, 0.15933, 17, 17.77, -9.85999, 0.84066, 38, -72.01, -75.87, 0, 43, -123.87, 65.83, 0, 3, 7, 12.4, -9.28, 1, 38, -78.39, -86.63, 0, 43, -136.37, 66.21, 0, 3, 7, 5.8, -3.76, 1, 38, -80.12, -95.06, 0, 43, -144.59, 63.66, 0, 3, 7, -1.73, -3.9, 1, 38, -76.42, -101.63, 0, 43, -148.55, 57.24, 0, 3, 7, -2.51, -1.08, 1, 38, -78.54, -103.65, 0, 43, -151.35, 58.12, 0, 3, 7, 0, 3.64, 1, 38, -83.89, -103.68, 0, 43, -153.96, 62.79, 0, 3, 7, 5.69, 4.15, 1, 38, -87.04, -98.91, 0, 43, -151.31, 67.86, 0, 3, 7, 10.25, 6.16, 1, 38, -90.97, -95.85, 0, 43, -150.53, 72.78, 0, 4, 7, 17.76, 6.6, 0.94146, 17, -6.95, 0.02, 0.05853, 38, -94.92, -89.44, 0, 43, -146.82, 79.33, 0, 4, 17, -1.15, 4.86, 0.99996, 24, -48.26, -2.91, 3.0E-5, 38, -95.22, -81.89, 0, 43, -140.35, 83.24, 0, 4, 17, 15.67, 10.10999, 1, 24, -32.72, 5.39, 0, 38, -89.12, -65.35, 0, 43, -122.93, 85.9, 0, 4, 17, 40.25, 10.78, 0.84527, 24, -8.7, 10.65, 0.15471, 38, -74.68, -45.46, 0, 43, -98.53, 82.85, 0, 1, 7, 8.6, 0.17, 1, 3, 7, 17.12, -0.21, 1, 38, -88.61, -86.77, 0, 43, -141.43, 75.08999, 0, 4, 17, 14.3, 1.02, 0.99955, 24, -32.37, -3.78, 4.4E-4, 38, -82.76, -71.98, 0, 43, -125.65, 77.12, 0, 1, 17, 37.75, 1.36, 1, 2, 24, 25.17, 1.04999, 0.99999, 38, -42.98, -30.12, 0, 2, 24, 44.02, 0.92, 0.5, 31, 3.02, 0.31, 0.5, 3, 31, 29.6, -3.39, 0.83089, 38, -4.33, -6.68, 0.1691, 43, -30.57, 39.99, 0, 3, 24, 84.55, -24.96, 0, 31, 47.25, -18.56, 0.00345, 38, 18.68, -10.12, 0.99654, 3, 24, 103.7, -37.4, 0, 38, 41.25, -6.69, 0.89909, 43, -8.55, 0.06, 0.10089, 3, 24, 128.15, -35.56, 0, 38, 58.3, 10.91, 0.00265, 43, 15.1, -6.35, 0.99734, 2, 43, 33.2, 5.96, 0.17587, 45, 3.88, -8.71, 0.82412, 1, 45, 22.15, -6.54, 1, 4, 31, 83.19, -8.26, 0.01346, 38, 43.61, 17.74, 0.14758, 43, 13.98, 9.8, 0.44957, 45, 14.05, 8.03, 0.38937 ],
				"hull": 36,
				"edges": [ 58, 60, 60, 62, 56, 58, 54, 56, 52, 54, 50, 52, 48, 50, 46, 48, 34, 36, 32, 34, 28, 30, 30, 32, 26, 28, 24, 26, 22, 24, 20, 22, 18, 16, 16, 14, 14, 12, 12, 10, 10, 8, 8, 6, 6, 4, 4, 2, 2, 0, 0, 70, 66, 68, 68, 70, 62, 64, 64, 66, 18, 20, 36, 38, 42, 44, 38, 40, 40, 42, 44, 46, 72, 56, 72, 74, 74, 76, 76, 78, 78, 80, 80, 82, 82, 84, 84, 86, 86, 88, 88, 90, 90, 92, 92, 94, 94, 96, 84, 4, 84, 6, 84, 38, 84, 36, 86, 34, 86, 10, 88, 30, 88, 10, 90, 26 ],
				"width": 74,
				"height": 207
			}
		},
		"fa_you_2": {
			"fa_you_2": {
				"type": "skinnedmesh",
				"uvs": [ 0.7478, 0.3677, 0.7312, 0.53565, 0.84017, 0.64829, 0.95641, 0.71864, 1, 0.79387, 0.9693, 0.87065, 0.9043, 0.88897, 0.86458, 0.94065, 0.7582, 0.97456, 0.70001, 0.97148, 0.57197, 0.99998, 0.3174, 0.99998, 0.2374, 0.97918, 0.2025, 0.94686, 0.23064, 0.90305, 0.19571, 0.86182, 0.20544, 0.78866, 0.15676, 0.75162, 0.15013, 0.67127, 0.23005, 0.53624, 0.21794, 0.51321, 0.28332, 0.36206, 0.29219, 0.23395, 0.23272, 0.12323, 0.16537, 0.08538, 0.08324, 0.06609, 0.02024, 0.07123, 0.00225, 0.06094, 0.08273, 0.01925, 0.18777, 0.00834, 0.28344, 0.01265, 0.39011, 0.04196, 0.5217, 0.10593, 0.74413, 0.29254, 0.17101, 0.04501, 0.30738, 0.06918, 0.41544, 0.13727, 0.49006, 0.22294, 0.51836, 0.32509, 0.4952, 0.45029, 0.42831, 0.60626, 0.39743, 0.73586, 0.6187, 0.80176, 0.46947, 0.92257, 0.63414, 0.68204, 0.59554, 0.56562, 0.81682, 0.81603, 0.73448, 0.91049 ],
				"triangles": [ 43, 11, 13, 11, 12, 13, 13, 14, 43, 14, 41, 43, 14, 15, 41, 15, 16, 41, 11, 43, 10, 47, 10, 43, 9, 10, 47, 9, 47, 8, 8, 47, 7, 7, 47, 6, 43, 42, 47, 47, 46, 6, 47, 42, 46, 5, 6, 4, 4, 6, 46, 43, 41, 42, 42, 44, 46, 46, 3, 4, 46, 2, 3, 46, 44, 2, 42, 41, 44, 44, 1, 2, 16, 17, 41, 17, 18, 41, 44, 40, 45, 44, 41, 40, 41, 18, 40, 44, 45, 1, 18, 19, 40, 40, 39, 45, 40, 19, 39, 1, 45, 0, 19, 20, 39, 0, 45, 39, 20, 21, 39, 39, 21, 38, 38, 21, 22, 39, 38, 0, 38, 22, 37, 38, 33, 0, 38, 37, 33, 37, 32, 33, 22, 36, 37, 22, 35, 36, 22, 23, 35, 37, 36, 32, 35, 31, 36, 36, 31, 32, 35, 23, 34, 23, 24, 34, 24, 25, 34, 26, 27, 25, 35, 34, 30, 34, 29, 30, 35, 30, 31, 25, 27, 34, 27, 28, 34, 34, 28, 29 ],
				"vertices": [ 3, 8, 85.1, -72.04, 0.00319, 23, 42.64, 22.3, 0.63673, 30, -7.84, 21.13, 0.36007, 3, 30, 33.99, 28.73, 0.56535, 37, 5.67, 30.47, 0.351, 42, -20.53, 38.14, 0.08363, 4, 30, 59.2, 46.48, 0.03255, 37, 36.2, 34.81, 0.28368, 42, 9.88, 33.09, 0.67358, 44, -42.85, 1.24, 0.01016, 3, 37, 56.56, 42.56, 0.03719, 42, 31.63, 34.36, 0.80502, 44, -29.57, 18.51, 0.15776, 2, 42, 50.28, 28.31, 0.55516, 44, -12.79, 28.64, 0.44483, 2, 42, 65.04, 15.24, 0.22769, 44, 6.74, 31.24, 0.7723, 2, 42, 65.26999, 6.83, 0.11478, 44, 13.25, 25.9, 0.88521, 3, 42, 74.11, -3.7, 8.2E-4, 44, 27, 25.68, 0.96101, 46, -26.41, 9.18999, 0.03815, 2, 44, 38.59999, 17.25, 0.76826, 46, -13, 14.28, 0.23173, 2, 44, 39.72, 11.02, 0.59782, 46, -7.17, 11.8, 0.40217, 2, 44, 50.71, -0.04, 0.04055, 46, 8.09, 14.94, 0.95944, 3, 44, 58.85, -26.3, 1.0E-5, 46, 34.53, 7.39, 0.52862, 47, -3.82, 6.19, 0.47136, 2, 46, 41.39, -0.03, 0.16221, 47, 5.72, 9.53, 0.83778, 1, 47, 14.44, 7.26, 1, 5, 18, 188.11, -95.92, 0, 37, 82.32, -44.95, 0.02992, 42, 29.89, -56.85, 0.0416, 44, 38.21, -42.52, 0.00434, 47, 21.08, -2.09999, 0.92411, 5, 18, 177.05, -95.13, 0, 37, 71.28, -46.01, 0.11707, 42, 19.03, -54.55, 0.13635, 44, 29.36, -49.21, 0.01417, 47, 31.54, -5.8, 0.73238, 5, 18, 160.55, -86.67, 0, 37, 53.61, -40.41, 0.38382, 42, 3.87, -43.88, 0.23346, 44, 11.38, -53.69, 0.00795, 47, 45.19, -18.34, 0.37475, 5, 18, 149.85, -87.67, 0, 37, 43.23, -43.17, 0.56423, 42, -6.86, -43.4, 0.19768, 44, 3.98, -61.49, 5.0E-5, 47, 55.77, -20.21999, 0.23802, 5, 18, 130.98, -80.08, 0, 30, 81.26999, -24.93, 0.0064, 37, 23.35, -38.83, 0.81932, 42, -24.51, -33.28, 0.07427, 47, 71.94, -32.55, 0.1, 4, 18, 103.25, -58.34, 0, 30, 46.04, -24.03, 0.54002, 37, -7.6, -21.99, 0.45491, 47, 92.89, -60.89, 0.00504, 5, 18, 97.39, -57.17, 1.0E-5, 23, 70.57, -39.74, 0.00188, 30, 40.65, -26.59, 0.69284, 37, -13.56, -21.81, 0.30324, 47, 98.23, -63.57, 0.002, 4, 18, 65.29, -35.21, 0.00638, 23, 33.8, -27.09, 0.54486, 30, 1.79, -28.11, 0.44874, 47, 123.33, -93.27, 0, 3, 18, 36.05, -21.19, 0.54622, 23, 1.88, -21.35, 0.45377, 47, 147.79, -114.56, 0, 2, 8, 24.38, -15.18, 0.19492, 18, 7.83, -15.7, 0.80507, 2, 8, 16.31, -6.26, 0.94646, 18, -3.86, -18.46999, 0.05353, 2, 8, 7.06, -2.16, 1, 42, -158.39, 41.4, 0, 4, 8, 0.39, -4.04, 0.99992, 18, -13.49, -31.35, 7.0E-5, 30, -63.72, -72.01999, 0, 42, -160.88, 34.93, 0, 2, 8, -1.76, -1.61, 0.99999, 18, -16.66, -32.07, 0, 4, 8, 5.99, 9.63, 1, 30, -78.04, -68.33, 0, 37, -138.26, -4.96, 0, 42, -168.49, 47.6, 0, 5, 8, 17.04999, 13.36, 0.98567, 18, -20.7, -8.35, 0.01432, 30, -83.23, -57.87, 0, 37, -138.12, 6.7, 0, 42, -164.85, 58.7, 0, 5, 8, 27.44, 13.15, 0.74774, 18, -15.51, 0.64, 0.25224, 30, -84.44, -47.55, 0, 37, -134.5, 16.44, 0, 42, -158.47, 66.9, 0, 2, 8, 39.55, 6.75, 1, 42, -146.09, 72.76999, 0, 3, 8, 55.1, -8.14999, 0.36918, 18, 16.49, 14.6, 0.63081, 30, -67.08, -17.26, 0, 6, 8, 83.08, -53.13, 0.00837, 18, 69.39, 17.41, 0.00801, 23, 23.77, 24.72, 0.95111, 30, -26.31, 16.56, 0.03244, 37, -53.56, 47.08, 2.0E-5, 42, -72.05, 71.79, 0, 4, 8, 16.04, 3.96, 1, 30, -73.78, -57.59, 0, 37, -129.58, 2.65, 0, 42, -157.92, 52.26, 0, 1, 18, -1.39, -2.78, 1, 5, 8, 44.34, -17.03, 0.03489, 18, 19.08, 0.89, 0.96501, 30, -56.82, -26.71, 8.0E-5, 37, -100.42, 22.44, 0, 42, -124.16, 62.37, 0, 2, 18, 42.17, -0.52, 0.5, 23, 2.29, 0.19, 0.5, 1, 23, 28.3, -0.6, 1, 1, 30, 18.53, -0.88, 1, 3, 18, 128.12, -45.95, 0, 37, 14.87, -5.64, 0.99347, 47, 65.62, -66.22, 0.00652, 5, 18, 156.75, -62.29, 0, 37, 45.81, -17, 0.52186, 42, 3.46, -19.21999, 0.32878, 44, -7.52, -37.84999, 0.00458, 47, 42.38, -42.85, 0.14477, 5, 37, 67.89, 2, 0.00223, 42, 30.24, -7.71, 0.69163, 44, 1.30999, -10.08, 0.26442, 46, -10.52, -31.89, 0.00646, 47, 14.33, -50.76, 0.03523, 5, 37, 93.51, -21.18, 0.0043, 42, 47.7, -37.54, 0.01864, 44, 35.28, -16.42, 0.04376, 46, 13.36, -6.92, 0.85175, 47, 0.91, -18.92, 0.08152, 3, 30, 72.42, 26.65, 0.00533, 37, 38.96, 11.13, 0.50454, 42, 5.39, 9.68, 0.49012, 3, 30, 44.61, 16.1, 0.31447, 37, 9.39, 14.4, 0.57435, 42, -21.82, 21.69, 0.11117, 2, 42, 44.6, 8.55, 0.33561, 44, -1.57, 11.41, 0.66438, 2, 44, 23.88, 10, 0.88188, 46, -14.99, -2, 0.11811 ],
				"hull": 34,
				"edges": [ 56, 58, 58, 60, 54, 56, 52, 54, 60, 62, 62, 64, 64, 66, 0, 66, 0, 2, 2, 4, 4, 6, 50, 52, 48, 50, 46, 48, 44, 46, 42, 44, 40, 42, 36, 38, 38, 40, 22, 24, 20, 22, 18, 20, 14, 16, 16, 18, 12, 14, 10, 12, 8, 10, 34, 36, 32, 34, 30, 32, 28, 30, 24, 26, 26, 28, 6, 8, 68, 54, 68, 70, 70, 72, 72, 74, 74, 76, 76, 78, 78, 80, 80, 82, 82, 84, 84, 86, 82, 88, 88, 4, 80, 90, 82, 34, 82, 30, 86, 26, 84, 92, 92, 8, 86, 94, 94, 12, 80, 36, 78, 40 ],
				"width": 108,
				"height": 253
			}
		},
		"hand": {
			"hand": {
				"type": "skinnedmesh",
				"uvs": [ 0.85162, 0.26597, 0.88418, 0.31977, 0.86697, 0.35474, 0.89534, 0.47151, 0.88688, 0.51128, 0.84235, 0.50964, 0.79348, 0.44964, 0.80186, 0.53451, 0.7888, 0.55774, 0.73857, 0.54032, 0.71945, 0.51226, 0.56987, 0.69709, 0.43826, 0.83132, 0.31637, 0.89947, 0.24969, 0.91855, 0.19419, 0.96551, 0.12989, 0.98018, 0.05289, 0.93909, 0.01216, 0.86317, 0.01481, 0.75151, 0.07035, 0.6247, 0.26053, 0.32028, 0.44432, 0.05335, 0.48908, 0.0187, 0.54527, 0.01999, 0.61564, 0.0787, 0.65964, 0.14451, 0.77582, 0.15999, 0.83488, 0.26064, 0.5677, 0.17859, 0.47995, 0.41987, 0.61001, 0.39378, 0.7197, 0.31553 ],
				"triangles": [ 5, 6, 3, 4, 5, 3, 9, 10, 7, 8, 9, 7, 7, 10, 6, 2, 6, 32, 2, 28, 0, 28, 2, 32, 31, 29, 32, 29, 26, 32, 32, 27, 28, 32, 26, 27, 29, 25, 26, 31, 32, 6, 2, 0, 1, 6, 2, 3, 10, 31, 6, 16, 17, 15, 15, 17, 14, 17, 18, 14, 13, 14, 19, 20, 12, 13, 19, 14, 18, 13, 19, 20, 12, 20, 30, 12, 30, 11, 30, 20, 21, 10, 11, 30, 30, 21, 29, 30, 29, 31, 29, 22, 24, 24, 22, 23, 21, 22, 29, 29, 24, 25, 10, 30, 31 ],
				"vertices": [ 1, 25, 24.17, 5.28, 1, 1, 25, 27.98, 3.17, 1, 2, 25, 27.38, 0.62, 0.888, 33, -0.42, 3.44, 0.11199, 2, 32, 6.32, 10.56, 0.00133, 33, 7.18, 2.77, 0.99866, 2, 25, 32.46, -7.82, 0, 33, 9.14999, 1.11, 0.99999, 2, 32, 6.29, 5.43, 7.0E-4, 33, 7.52, -2.33999, 0.99929, 3, 25, 23.59, -7.13, 0.79565, 32, 1.04, 3.44, 0.10035, 33, 2.43, -4.69999, 0.10399, 2, 32, 6.03, 1.63, 0.99702, 33, 7.54, -6.15, 0.00297, 1, 32, 6.78, -0.03, 1, 2, 19, 51.25, -24.81, 0.01634, 32, 3.81, -3.35, 0.98365, 2, 25, 19.03, -13.04, 0.888, 32, 1.51, -3.99, 0.11199, 2, 19, 34.00999, -21.98, 0.9999, 25, 11.13, -28.35, 9.0E-5, 1, 19, 20.07, -20.29999, 1, 1, 19, 9.53, -16.21999, 1, 1, 19, 4.54, -13.16, 1, 1, 19, -0.93, -12.01, 1, 1, 19, -5.58, -8.89, 1, 1, 19, -8.67, -2.51, 1, 1, 19, -8, 3.31, 1, 1, 19, -3.1, 8.21, 1, 1, 19, 5.75, 10.67, 1, 1, 19, 30.59, 13.25, 1, 2, 19, 53.44, 14.51, 0.90067, 25, -13.25, 5.04, 0.09932, 2, 19, 57.72, 13.44, 0.8141, 25, -10.42, 8.42, 0.18589, 2, 19, 61.19, 10.08, 0.69573, 25, -5.88, 10.08, 0.30425, 2, 19, 63.11, 3.28, 0.38055, 25, 1.05999, 8.85, 0.61944, 2, 19, 63.08, -2.27, 0.06624, 25, 6.06, 6.4, 0.93375, 1, 25, 15.73, 9.08, 1, 1, 25, 22.71, 5.07, 1, 2, 19, 55.87, 1.59, 0.5, 25, -0.56, 1.59, 0.5, 2, 19, 40.13, -4.15, 0.9965, 25, -2.24, -15.07, 0.00349, 2, 19, 49.4, -10.62, 0.66217, 25, 7.61, -9.55, 0.33782, 2, 19, 59.6, -13.54, 0.0088, 25, 14.68, -1.64, 0.99119 ],
				"hull": 29,
				"edges": [ 46, 48, 48, 50, 50, 52, 52, 54, 54, 56, 0, 56, 0, 2, 2, 4, 4, 6, 6, 8, 8, 10, 10, 12, 12, 14, 14, 16, 16, 18, 18, 20, 20, 22, 22, 24, 24, 26, 26, 28, 28, 30, 30, 32, 32, 34, 34, 36, 36, 38, 38, 40, 40, 42, 44, 46, 42, 44, 58, 52, 58, 60, 60, 62, 62, 64, 64, 56, 12, 20, 12, 4 ],
				"width": 86,
				"height": 62
			}
		},
		"shou_zhi": {
			"shou_zhi": {
				"type": "skinnedmesh",
				"uvs": [ 0.88293, 0.48266, 1, 0.87297, 0.98212, 0.94521, 0.87811, 0.93973, 0.80867, 0.84843, 0.72636, 0.69139, 0.60131, 0.54266, 0.57087, 0.51243, 0.54052, 0.50583, 0.46557, 0.53252, 0.2931, 0.55062, 0.10276, 0.43032, 0.03395, 0.329, 0.00536, 0.21034, 0.03038, 0.09495, 0.08651, 0.01278, 0.33599, 0.01643, 0.46992, 0.05113, 0.61474, 0.0493, 0.83857, 0.37799, 0.581, 0.25977, 0.7919, 0.53733, 0.88841, 0.78568, 0.46662, 0.26342, 0.31649, 0.25794, 0.12347, 0.21594 ],
				"triangles": [ 1, 2, 22, 2, 3, 22, 3, 4, 22, 4, 5, 22, 21, 0, 22, 1, 22, 0, 5, 21, 22, 5, 6, 21, 21, 6, 20, 0, 21, 19, 20, 19, 21, 9, 10, 24, 10, 11, 24, 9, 23, 8, 9, 24, 23, 7, 20, 6, 7, 8, 20, 8, 23, 20, 11, 25, 24, 11, 12, 25, 20, 18, 19, 12, 13, 25, 20, 23, 17, 23, 24, 17, 20, 17, 18, 24, 16, 17, 24, 25, 16, 13, 14, 25, 14, 15, 25, 25, 15, 16 ],
				"vertices": [ 3, 26, 34.81, -5.23999, 0.00161, 34, 13.47, 3.51, 0.48913, 39, 0.31, 3.68, 0.50925, 1, 39, 10.76, 2.41, 1, 1, 39, 11.54, 0.72, 1, 1, 39, 8.41, -3.02, 1, 2, 34, 15.88, -5.27, 0.0452, 39, 4.73, -4.28, 0.95479, 2, 34, 10.61, -4.79, 0.7613, 39, -0.49, -5.07, 0.23869, 2, 26, 21.61, -6.94, 0.26244, 34, 3.87, -5.7, 0.73755, 2, 26, 20.17, -6.28, 0.50607, 34, 2.31, -6.03, 0.49392, 2, 26, 18.74, -6.16, 0.73493, 34, 1.09, -6.78, 0.26506, 2, 26, 15.23, -6.86, 0.96783, 34, -1.29999, -9.43, 0.03216, 1, 26, 7.14, -7.47, 1, 1, 26, -1.86, -4.91, 1, 1, 26, -5.15, -2.66, 1, 1, 26, -6.56, 0.02, 1, 1, 26, -5.45, 2.7, 1, 1, 26, -2.86, 4.66, 1, 1, 26, 8.85999, 4.85, 1, 2, 26, 15.17, 4.21, 0.99999, 39, -19.52, -5.37, 0, 3, 26, 21.97, 4.41, 0.75379, 34, -2.58999, 3.64, 0.24501, 39, -15.33, -0.01, 0.00118, 3, 26, 32.66999, -2.88, 5.1E-4, 34, 10.34, 4.13, 0.93269, 39, -2.87, 3.54, 0.06679, 1, 26, 20.5, -0.45, 1, 1, 34, 10.86, -0.1, 1, 1, 39, 5.93, -0.44, 1, 1, 26, 15.13, -0.67, 1, 1, 26, 8.07, -0.71, 1, 1, 26, -1.01, 0.03, 1 ],
				"hull": 20,
				"edges": [ 28, 30, 30, 32, 32, 34, 34, 36, 36, 38, 0, 2, 2, 4, 4, 6, 6, 8, 18, 20, 20, 22, 22, 24, 24, 26, 26, 28, 8, 10, 38, 0, 14, 16, 16, 18, 10, 12, 12, 14, 36, 40, 40, 16, 40, 14, 40, 12, 40, 42, 42, 38, 42, 0, 42, 10, 42, 44, 44, 4, 40, 46, 46, 48, 48, 50 ],
				"width": 47,
				"height": 23
			}
		},
		"tou": {
			"tou": {
				"type": "mesh",
				"uvs": [ 0.93928, 0.25458, 0.93432, 0.4005, 0.97282, 0.46284, 0.99219, 0.52688, 0.97893, 0.6034, 0.95543, 0.69505, 0.886, 0.77278, 0.81289, 0.84811, 0.73978, 0.80876, 0.644, 0.89628, 0.45998, 0.9601, 0.36403, 0.98996, 0.27031, 1, 0.20103, 0.96694, 0.1586, 0.88786, 0.07806, 0.7551, 0.02726, 0.56466, 0.00307, 0.36724, 0.00921, 0.22852, 0.05823, 1.0E-5, 0.1515, 0.04217, 0.31311, 0.03875, 0.54879, 0.04559, 0.76242, 0.10715, 0.93556, 0.19265, 0.30138, 0.23094, 0.2974, 0.37271, 0.21034, 0.56139, 0.25347, 0.65007, 0.2519, 0.75591, 0.26644, 0.88713, 0.35722, 0.63516, 0.18574, 0.62156, 0.13832, 0.36724, 0.1074, 0.56308, 0.14811, 0.75348, 0.48266, 0.763, 0.67634, 0.76436, 0.52679, 0.58079, 0.54303, 0.37826, 0.75636, 0.38388, 0.73242, 0.58651, 0.13992, 0.22852, 0.55144, 0.23715, 0.76078, 0.24546, 0.45922, 0.89084, 0.20994, 0.88448 ],
				"triangles": [ 18, 19, 20, 42, 18, 20, 25, 20, 21, 42, 20, 25, 43, 22, 23, 25, 21, 22, 43, 25, 22, 44, 43, 23, 44, 23, 24, 44, 24, 0, 33, 18, 42, 33, 42, 25, 17, 18, 33, 26, 33, 25, 39, 25, 43, 26, 25, 39, 40, 43, 44, 40, 44, 0, 39, 43, 40, 1, 40, 0, 27, 33, 26, 34, 17, 33, 34, 33, 27, 16, 17, 34, 38, 26, 39, 27, 26, 38, 41, 39, 40, 38, 39, 41, 3, 41, 2, 41, 40, 1, 1, 2, 41, 3, 4, 41, 32, 34, 27, 31, 27, 38, 28, 32, 27, 31, 28, 27, 5, 41, 4, 35, 34, 32, 35, 32, 28, 15, 16, 34, 15, 34, 35, 29, 35, 28, 36, 31, 38, 29, 28, 31, 36, 29, 31, 37, 38, 41, 6, 37, 41, 36, 38, 37, 5, 6, 41, 8, 37, 6, 7, 8, 6, 46, 35, 29, 45, 30, 29, 46, 29, 30, 14, 35, 46, 15, 35, 14, 36, 45, 29, 9, 36, 37, 9, 37, 8, 45, 36, 9, 10, 45, 9, 13, 14, 46, 11, 30, 45, 11, 45, 10, 12, 30, 11, 13, 46, 30, 12, 13, 30 ],
				"vertices": [ 51.51, -37.83, 37.04, -35.9, 30.47, -38.79, 23.92, -39.91, 16.43, -37.91999, 7.54, -34.83, 0.45, -27.69, -6.35, -20.23, -1.75, -13.94, -9.56, -4.29, -14.19, 13.19, -16.26, 22.28, -16.37999, 30.96, -12.45, 36.96, -4.17999, 40.04, 9.77, 46.07, 29.19, 48.78, 49.05, 48.99, 62.8, 47.01, 85.07, 40.21, 80, 32.09999, 78.83, 17.27, 75.94999, -4.21999, 67.83, -23.15, 57.7, -38.12, 59.82, 20.29999, 45.76, 22.1, 27.8, 31.99, 18.58, 28.94, 8.06, 30.16, -5.12, 30.17, 19.09, 19.29999, 22.05, 34.84999, 47.79, 36.61, 28.6, 41.43, 9.27, 39.64, 5.19999, 9.12, 3.25, -8.59, 22.91, 3.22, 42.91, -0.31, 40.34999, -19.78, 20.42, -15.53, 61.57, 35.05, 56.87, -2.51, 54.08, -21.59, -7.29, 12.56, -4.33, 35.31 ],
				"hull": 25,
				"edges": [ 50, 52, 52, 54, 54, 56, 56, 58, 58, 60, 60, 24, 56, 62, 56, 64, 62, 54, 64, 54, 52, 66, 66, 34, 54, 68, 32, 34, 68, 32, 58, 70, 30, 32, 70, 30, 58, 72, 72, 74, 70, 68, 72, 76, 76, 54, 62, 72, 64, 70, 76, 78, 78, 52, 78, 80, 80, 82, 82, 74, 82, 76, 66, 84, 34, 36, 36, 38, 84, 36, 84, 50, 50, 86, 86, 88, 88, 80, 86, 78, 66, 68, 60, 90, 90, 72, 90, 18, 18, 74, 90, 20, 70, 92, 92, 60, 24, 26, 92, 26, 28, 30, 92, 28, 50, 42, 42, 44, 86, 44, 38, 40, 40, 42, 84, 40, 44, 46, 46, 48, 88, 46, 0, 48, 88, 0, 0, 2, 80, 2, 82, 8, 74, 12, 18, 16, 2, 4, 4, 6, 6, 8, 8, 10, 10, 12, 12, 14, 14, 16, 26, 28, 20, 22, 22, 24, 18, 20 ],
				"width": 92,
				"height": 100
			}
		},
		"xiaobi": {
			"xiaobi": {
				"type": "mesh",
				"uvs": [ 0.60482, 0.12715, 0.65461, 0.34299, 0.8662, 0.56127, 0.97199, 0.72919, 0.97199, 0.85539, 0.83197, 0.93074, 0.56437, 0.99739, 0.42507, 0.99999, 0.32664, 0.98611, 0.23314, 0.92623, 0.13379, 0.88978, 0.06845, 0.83002, 0.01556, 0.70332, 0.03731, 0.13629, 0.08878, 0.04428, 0.18762, 0.0104, 0.34332, 0.00489, 0.50235, 0.01795, 0.59024, 0.05428 ],
				"triangles": [ 13, 15, 12, 15, 11, 12, 3, 5, 2, 13, 14, 15, 16, 10, 11, 16, 11, 15, 1, 9, 10, 17, 0, 16, 1, 10, 16, 18, 0, 17, 0, 1, 16, 8, 9, 1, 1, 2, 8, 3, 4, 5, 8, 2, 7, 5, 6, 2, 6, 7, 2 ],
				"vertices": [ 116.47, -11.93, 84.67, -11.81, 52.07, -18.28, 27.15, -20.93, 8.64, -19.67, -2.01, -13.19, -11.04, -1.58, -11.03, 4.14, -8.72, 8.02, 0.31, 11.25, 5.93, 14.95, 14.88, 17.02, 33.61, 17.92, 116.71, 11.36, 130.06, 8.34, 134.75, 3.96, 135.13, -2.46, 132.77, -8.83, 127.2, -12.07 ],
				"hull": 19,
				"edges": [ 32, 34, 34, 36, 28, 30, 30, 32, 26, 28, 0, 36, 0, 2, 2, 4, 4, 6, 6, 8, 8, 10, 10, 12, 12, 14, 14, 16, 16, 18, 18, 20, 20, 22, 22, 24, 24, 26 ],
				"width": 41,
				"height": 147
			}
		},
		"you_eye": {
			"you_eye": {
				"type": "mesh",
				"uvs": [ 1, 0.64139, 0.95561, 0.83341, 0.81139, 0.95616, 0.63813, 1, 0.42053, 0.98904, 0.27635, 0.93204, 0.12428, 0.81149, 0.05134, 0.61242, 0.06112, 0.30425, 0.22983, 0.05795, 0.42298, 0.01097, 0.64302, 0.06881, 0.83616, 0.22456, 0.98777, 0.48173, 0.22494, 0.56895, 0.41564, 0.52187, 0.63813, 0.55084, 0.81171, 0.58706, 0.42269, 0.27987, 0.41536, 0.73515, 0.64113, 0.32446, 0.61998, 0.7548, 0.78039, 0.43731, 0.7662, 0.70547, 0.27929, 0.39523, 0.2934, 0.67761 ],
				"triangles": [ 18, 9, 10, 18, 10, 11, 24, 8, 9, 20, 18, 11, 20, 11, 12, 18, 24, 9, 22, 20, 12, 22, 12, 13, 15, 24, 18, 15, 18, 20, 16, 15, 20, 16, 20, 22, 14, 8, 24, 14, 24, 15, 0, 17, 22, 16, 22, 17, 7, 8, 14, 0, 22, 13, 25, 14, 15, 23, 16, 17, 23, 17, 0, 19, 25, 15, 19, 15, 16, 21, 19, 16, 21, 16, 23, 25, 6, 7, 25, 7, 14, 1, 23, 0, 5, 6, 25, 5, 25, 19, 2, 23, 1, 21, 23, 2, 4, 19, 21, 3, 4, 21, 5, 19, 4, 2, 3, 21 ],
				"vertices": [ 19.91, 0.55, 19.19, -4.88, 14.19, -9.26, 7.62, -11.78, -0.96, -13.2, -6.92, -12.83, -13.52, -10.83, -17.44, -6.13, -18.69, 2.08999, -13.38, 9.93999, -6.05, 12.7, 2.87, 12.9, 11.28, 10.29, 18.59, 4.67999, -10.86, -3.62, -3.63, -0.87, 5.23999, 0.1, 12.24, 0.5, -4.64, 5.58, -2.51, -6.52, 4.16, 6.12, 5.61, -5.43, 10.22, 4.21999, 11.08, -2.98, -9.64999, 1.4, -7.6, -5.96 ],
				"hull": 14,
				"edges": [ 28, 30, 30, 32, 32, 34, 2, 0, 0, 26, 34, 0, 12, 14, 14, 16, 28, 14, 30, 36, 30, 38, 32, 40, 32, 42, 34, 44, 34, 46, 36, 20, 20, 22, 40, 22, 22, 24, 24, 26, 44, 24, 2, 4, 46, 4, 4, 6, 42, 6, 6, 8, 38, 8, 36, 48, 38, 50, 38, 42, 42, 46, 36, 40, 40, 44, 16, 18, 18, 20, 48, 18, 8, 10, 10, 12, 50, 10, 48, 28, 28, 50, 44, 0, 0, 46 ],
				"width": 40,
				"height": 27
			}
		},
		"zuo_eye": {
			"zuo_eye": {
				"type": "mesh",
				"uvs": [ 0.98608, 0.49339, 0.97216, 0.70567, 0.87472, 0.87271, 0.72473, 0.9584, 0.5148, 0.98885, 0.25403, 0.97215, 0.11831, 0.82399, 0.05916, 0.57343, 0, 0.35071, 0.02435, 0.1392, 0.34484, 0, 0.5954, 0.03479, 0.82508, 0.26099, 0.55016, 0.54559, 0.317, 0.54211, 0.77908, 0.43567, 0.69428, 0.79131, 0.56416, 0.30131, 0.32676, 0.33103, 0.5258, 0.82051, 0.78747, 0.65276, 0.31681, 0.74209 ],
				"triangles": [ 17, 10, 11, 17, 11, 12, 18, 9, 10, 18, 10, 17, 8, 9, 18, 15, 17, 12, 15, 12, 0, 18, 7, 8, 13, 18, 17, 13, 17, 15, 14, 18, 13, 14, 7, 18, 1, 20, 15, 13, 15, 20, 0, 1, 15, 21, 7, 14, 21, 14, 13, 16, 13, 20, 19, 21, 13, 16, 20, 1, 16, 19, 13, 6, 7, 21, 2, 16, 1, 3, 16, 2, 5, 6, 21, 5, 21, 19, 4, 5, 19, 3, 4, 19, 3, 19, 16 ],
				"vertices": [ -6.21, -4.85, -6.98, 0.4, -5.47, 4.98999, -2.25, 7.87, 2.71, 9.71, 9.18, 10.66, 13.27, 7.75, 16.02, 1.93, 18.62999, -3.19, 19.14, -8.49, 12.03, -13.57, 5.72, -14.02, -1.05999, -9.68999, 4.16, -1.29999, 9.88, -0.17, -0.85, -5.17999, -0.63, 3.95, 5.1, -7.35, 10.74, -5.38, 3.32, 5.54, -2.19, 0.07, 8.84, 4.71 ],
				"hull": 13,
				"edges": [ 26, 28, 28, 14, 30, 34, 34, 36, 14, 16, 16, 18, 36, 16, 32, 38, 10, 12, 12, 14, 40, 26, 12, 42, 42, 38, 8, 10, 10, 42, 42, 28, 42, 14, 14, 36, 36, 28, 34, 26, 26, 38, 32, 40, 40, 30, 6, 8, 32, 6, 38, 8, 34, 22, 18, 20, 20, 22, 36, 20, 22, 24, 30, 24, 0, 2, 2, 4, 4, 6, 24, 0, 30, 2, 32, 2, 2, 40 ],
				"width": 25,
				"height": 25
			}
		}
	},
	"common": {
		"zui_2": {
			"zui_1": {
				"type": "mesh",
				"uvs": [ 0.994, 0.51264, 0.98198, 0.65985, 0.834, 0.77494, 0.61583, 0.97829, 0.40054, 0.9783, 0.19138, 0.8667, 0.10599, 0.7148, 0.10399, 0.58785, 0.06799, 0.49145, 0.00599, 0.38125, 0.07399, 0.14879, 0.20499, 0.01549, 0.37951, 0.0124, 0.60647, 0.19219, 0.7977, 0.31619, 0.964, 0.37509 ],
				"triangles": [ 8, 9, 10, 10, 13, 8, 13, 7, 8, 15, 0, 14, 5, 6, 7, 0, 2, 14, 1, 2, 0, 7, 4, 5, 10, 11, 12, 13, 10, 12, 14, 7, 13, 4, 7, 2, 2, 7, 14, 2, 3, 4 ],
				"vertices": [ 0.37, 18.45999, 3.32, 18.16, 5.73, 13.62, 9.95, 6.96, 10.10999, 0.29, 8.02, -6.24, 5.05, -8.96, 2.51, -9.08, 0.61, -10.24, -1.54, -12.21, -6.24, -10.21, -8.99, -6.21, -9.18, -0.8, -5.75, 6.3, -3.41, 12.29, -2.34999, 17.46999 ],
				"hull": 16,
				"edges": [ 20, 22, 22, 24, 24, 26, 26, 28, 28, 30, 0, 30, 0, 2, 2, 4, 6, 8, 8, 10, 10, 12, 12, 14, 14, 16, 16, 18, 18, 20, 4, 6 ],
				"width": 31,
				"height": 20
			},
			"zui_2": {
				"type": "mesh",
				"uvs": [ 0.95333, 0.35224, 1, 0.54599, 0.95, 0.64675, 0.75333, 0.79925, 0.60015, 0.9395, 0.38545, 0.9395, 0.1606, 0.82675, 0.09242, 0.6645, 0.09666, 0.53899, 0, 0.35049, 0.06166, 0.22949, 0.13984, 0.06049, 0.2956, 0.02199, 0.38863, 0.11824, 0.39879, 0.17049, 0.57136, 0.20624, 0.68591, 0.30799, 0.83166, 0.32724 ],
				"triangles": [ 14, 8, 10, 9, 10, 8, 1, 2, 17, 1, 17, 0, 2, 3, 16, 2, 16, 17, 14, 10, 11, 13, 11, 12, 14, 11, 13, 5, 7, 8, 6, 7, 5, 14, 16, 8, 15, 16, 14, 16, 5, 8, 5, 16, 3, 4, 5, 3 ],
				"vertices": [ -3.05, 18.75, 0.78, 20.37999, 2.83, 18.77, 6.03, 12.36, 8.95, 7.37, 9.12, 0.28, 7.04, -7.18, 3.84, -9.5, 1.33, -9.42, -2.34999, -12.7, -4.82, -10.72, -8.26, -8.22, -9.14999, -3.1, -7.29, 0.01, -6.26, 0.37, -5.67, 6.08, -3.73, 9.89999, -3.45, 14.72 ],
				"hull": 18,
				"edges": [ 24, 26, 26, 28, 28, 30, 30, 32, 32, 34, 0, 34, 0, 2, 2, 4, 4, 6, 6, 8, 8, 10, 10, 12, 12, 14, 16, 18, 18, 20, 22, 24, 14, 16, 20, 22 ],
				"width": 33,
				"height": 20
			}
		}
	}
},
"animations": {
	"default": {
		"slots": {
			"body": {
				"attachment": [
					{ "time": 0, "name": "body" },
					{ "time": 3, "name": "body" }
				],
				"color": [
					{ "time": 0, "color": "ffffffff", "curve": "stepped" },
					{ "time": 3, "color": "ffffffff" }
				]
			},
			"dabi": {
				"attachment": [
					{ "time": 0, "name": "dabi" },
					{ "time": 3, "name": "dabi" }
				],
				"color": [
					{ "time": 0, "color": "ffffffff", "curve": "stepped" },
					{ "time": 3, "color": "ffffffff" }
				]
			},
			"fa_di": {
				"attachment": [
					{ "time": 0, "name": "fa_di" },
					{ "time": 3, "name": "fa_di" }
				],
				"color": [
					{ "time": 0, "color": "ffffffff", "curve": "stepped" },
					{ "time": 3, "color": "ffffffff" }
				]
			},
			"fa_qian": {
				"attachment": [
					{ "time": 0, "name": "fa_qian" },
					{ "time": 3, "name": "fa_qian" }
				],
				"color": [
					{ "time": 0, "color": "ffffffff", "curve": "stepped" },
					{ "time": 3, "color": "ffffffff" }
				]
			},
			"fa_you_1": {
				"attachment": [
					{ "time": 0, "name": "fa_you_1" },
					{ "time": 3, "name": "fa_you_1" }
				],
				"color": [
					{ "time": 0, "color": "ffffffff", "curve": "stepped" },
					{ "time": 3, "color": "ffffffff" }
				]
			},
			"fa_you_2": {
				"attachment": [
					{ "time": 0, "name": "fa_you_2" },
					{ "time": 3, "name": "fa_you_2" }
				],
				"color": [
					{ "time": 0, "color": "ffffffff", "curve": "stepped" },
					{ "time": 3, "color": "ffffffff" }
				]
			},
			"hand": {
				"attachment": [
					{ "time": 0, "name": "hand" },
					{ "time": 3, "name": "hand" }
				],
				"color": [
					{ "time": 0, "color": "ffffffff", "curve": "stepped" },
					{ "time": 3, "color": "ffffffff" }
				]
			},
			"shou_zhi": {
				"attachment": [
					{ "time": 0, "name": "shou_zhi" },
					{ "time": 3, "name": "shou_zhi" }
				],
				"color": [
					{ "time": 0, "color": "ffffffff", "curve": "stepped" },
					{ "time": 3, "color": "ffffffff" }
				]
			},
			"tou": {
				"attachment": [
					{ "time": 0, "name": "tou" },
					{ "time": 3, "name": "tou" }
				],
				"color": [
					{ "time": 0, "color": "ffffffff", "curve": "stepped" },
					{ "time": 3, "color": "ffffffff" }
				]
			},
			"xiaobi": {
				"attachment": [
					{ "time": 0, "name": "xiaobi" },
					{ "time": 3, "name": "xiaobi" }
				],
				"color": [
					{ "time": 0, "color": "ffffffff", "curve": "stepped" },
					{ "time": 3, "color": "ffffffff" }
				]
			},
			"you_eye": {
				"attachment": [
					{ "time": 0, "name": "you_eye" },
					{ "time": 0.1666, "name": "you_eye" },
					{ "time": 0.5, "name": "you_eye" },
					{ "time": 2.0666, "name": "you_eye" },
					{ "time": 2.4, "name": "you_eye" },
					{ "time": 3, "name": "you_eye" }
				],
				"color": [
					{ "time": 0, "color": "ffffffff", "curve": "stepped" },
					{ "time": 0.1666, "color": "ffffffff", "curve": "stepped" },
					{ "time": 0.2666, "color": "ffffffff" },
					{ "time": 0.3, "color": "ffffff00", "curve": "stepped" },
					{ "time": 0.3666, "color": "ffffff00" },
					{ "time": 0.4, "color": "ffffffff", "curve": "stepped" },
					{ "time": 0.5, "color": "ffffffff", "curve": "stepped" },
					{ "time": 2.0666, "color": "ffffffff", "curve": "stepped" },
					{ "time": 2.1666, "color": "ffffffff" },
					{ "time": 2.2, "color": "ffffff00", "curve": "stepped" },
					{ "time": 2.2666, "color": "ffffff00" },
					{ "time": 2.3, "color": "ffffffff", "curve": "stepped" },
					{ "time": 2.4, "color": "ffffffff", "curve": "stepped" },
					{ "time": 3, "color": "ffffffff" }
				]
			},
			"zui_2": {
				"attachment": [
					{ "time": 0, "name": "zui_2" },
					{ "time": 1.1666, "name": "zui_1" },
					{ "time": 2.4666, "name": "zui_2" },
					{ "time": 3, "name": "zui_2" }
				],
				"color": [
					{ "time": 0, "color": "ffffffff", "curve": "stepped" },
					{ "time": 3, "color": "ffffffff" }
				]
			},
			"zuo_eye": {
				"attachment": [
					{ "time": 0, "name": "zuo_eye" },
					{ "time": 0.1666, "name": "zuo_eye" },
					{ "time": 0.5, "name": "zuo_eye" },
					{ "time": 2.0666, "name": "zuo_eye" },
					{ "time": 2.4, "name": "zuo_eye" },
					{ "time": 3, "name": "zuo_eye" }
				],
				"color": [
					{ "time": 0, "color": "ffffffff", "curve": "stepped" },
					{ "time": 0.1666, "color": "ffffffff", "curve": "stepped" },
					{ "time": 0.2666, "color": "ffffffff" },
					{ "time": 0.3, "color": "ffffff00", "curve": "stepped" },
					{ "time": 0.3666, "color": "ffffff00" },
					{ "time": 0.4, "color": "ffffffff", "curve": "stepped" },
					{ "time": 0.5, "color": "ffffffff", "curve": "stepped" },
					{ "time": 2.0666, "color": "ffffffff", "curve": "stepped" },
					{ "time": 2.1666, "color": "ffffffff" },
					{ "time": 2.2, "color": "ffffff00", "curve": "stepped" },
					{ "time": 2.2666, "color": "ffffff00" },
					{ "time": 2.3, "color": "ffffffff", "curve": "stepped" },
					{ "time": 2.4, "color": "ffffffff", "curve": "stepped" },
					{ "time": 3, "color": "ffffffff" }
				]
			}
		},
		"bones": {
			"root": {
				"rotate": [
					{ "time": 0, "angle": 0, "curve": "stepped" },
					{ "time": 3, "angle": 0 }
				],
				"translate": [
					{ "time": 0, "x": 0, "y": 0, "curve": "stepped" },
					{ "time": 3, "x": 0, "y": 0 }
				],
				"scale": [
					{ "time": 0, "x": 1, "y": 1, "curve": "stepped" },
					{ "time": 3, "x": 1, "y": 1 }
				]
			},
			"body": {
				"rotate": [
					{ "time": 0, "angle": 0, "curve": "stepped" },
					{ "time": 3, "angle": 0 }
				],
				"translate": [
					{ "time": 0, "x": 0, "y": 0, "curve": "stepped" },
					{ "time": 3, "x": 0, "y": 0 }
				],
				"scale": [
					{ "time": 0, "x": 1, "y": 1 },
					{ "time": 1.5, "x": 1.03, "y": 1.011 },
					{ "time": 3, "x": 1, "y": 1 }
				]
			},
			"body2": {
				"rotate": [
					{ "time": 0, "angle": 0 },
					{ "time": 1, "angle": 5.2 },
					{ "time": 1.5, "angle": -1.26 },
					{ "time": 2, "angle": -1.59 },
					{ "time": 3, "angle": 0 }
				],
				"translate": [
					{ "time": 0, "x": 0, "y": 0 },
					{ "time": 1, "x": 1.2, "y": 0.27 },
					{ "time": 1.5, "x": 1.01, "y": 0.23 },
					{ "time": 2, "x": -0.2, "y": -0.04 },
					{ "time": 3, "x": 0, "y": 0 }
				],
				"scale": [
					{ "time": 0, "x": 1, "y": 1 },
					{ "time": 1, "x": 1.069, "y": 1.069 },
					{ "time": 1.5, "x": 1.065, "y": 1.065 },
					{ "time": 2, "x": 1.027, "y": 1.027 },
					{ "time": 3, "x": 1, "y": 1 }
				]
			},
			"dabi": {
				"rotate": [
					{ "time": 0, "angle": 0 },
					{ "time": 0.6666, "angle": 2.23 },
					{ "time": 1.3333, "angle": -0.63 },
					{ "time": 1.8333, "angle": 1.93 },
					{ "time": 2.3333, "angle": -1.16 },
					{ "time": 2.5, "angle": -1.94 },
					{ "time": 3, "angle": 0 }
				],
				"translate": [
					{ "time": 0, "x": 0, "y": 0, "curve": "stepped" },
					{ "time": 0.6666, "x": 0, "y": 0, "curve": "stepped" },
					{ "time": 1.3333, "x": 0, "y": 0, "curve": "stepped" },
					{ "time": 1.8333, "x": 0, "y": 0, "curve": "stepped" },
					{ "time": 2.3333, "x": 0, "y": 0, "curve": "stepped" },
					{ "time": 3, "x": 0, "y": 0 }
				],
				"scale": [
					{ "time": 0, "x": 1, "y": 1, "curve": "stepped" },
					{ "time": 0.6666, "x": 1, "y": 1, "curve": "stepped" },
					{ "time": 1.3333, "x": 1, "y": 1, "curve": "stepped" },
					{ "time": 1.8333, "x": 1, "y": 1, "curve": "stepped" },
					{ "time": 2.3333, "x": 1, "y": 1, "curve": "stepped" },
					{ "time": 3, "x": 1, "y": 1 }
				]
			},
			"tou": {
				"rotate": [
					{ "time": 0, "angle": 0 },
					{ "time": 1, "angle": 2.34 },
					{ "time": 2, "angle": -3.26 },
					{ "time": 3, "angle": 0 }
				],
				"translate": [
					{ "time": 0, "x": 0, "y": 0, "curve": "stepped" },
					{ "time": 3, "x": 0, "y": 0 }
				],
				"scale": [
					{ "time": 0, "x": 1, "y": 1, "curve": "stepped" },
					{ "time": 3, "x": 1, "y": 1 }
				]
			},
			"fa_di": {
				"rotate": [
					{ "time": 0, "angle": 0, "curve": "stepped" },
					{ "time": 3, "angle": 0 }
				],
				"translate": [
					{ "time": 0, "x": 0, "y": 0, "curve": "stepped" },
					{ "time": 3, "x": 0, "y": 0 }
				],
				"scale": [
					{ "time": 0, "x": 1, "y": 1, "curve": "stepped" },
					{ "time": 3, "x": 1, "y": 1 }
				]
			},
			"fa_qian": {
				"rotate": [
					{ "time": 0, "angle": 0, "curve": "stepped" },
					{ "time": 3, "angle": 0 }
				],
				"translate": [
					{ "time": 0, "x": 0, "y": 0, "curve": "stepped" },
					{ "time": 3, "x": 0, "y": 0 }
				],
				"scale": [
					{ "time": 0, "x": 1, "y": 1, "curve": "stepped" },
					{ "time": 3, "x": 1, "y": 1 }
				]
			},
			"fa_you_1": {
				"rotate": [
					{ "time": 0, "angle": 0, "curve": "stepped" },
					{ "time": 3, "angle": 0 }
				],
				"translate": [
					{ "time": 0, "x": 0, "y": 0, "curve": "stepped" },
					{ "time": 3, "x": 0, "y": 0 }
				],
				"scale": [
					{ "time": 0, "x": 1, "y": 1, "curve": "stepped" },
					{ "time": 3, "x": 1, "y": 1 }
				]
			},
			"fa_you_8": {
				"rotate": [
					{ "time": 0, "angle": 0, "curve": "stepped" },
					{ "time": 3, "angle": 0 }
				],
				"translate": [
					{ "time": 0, "x": 0, "y": 0, "curve": "stepped" },
					{ "time": 3, "x": 0, "y": 0 }
				],
				"scale": [
					{ "time": 0, "x": 1, "y": 1, "curve": "stepped" },
					{ "time": 3, "x": 1, "y": 1 }
				]
			},
			"xiaobi": {
				"rotate": [
					{ "time": 0, "angle": 0 },
					{ "time": 0.6666, "angle": 2.67 },
					{ "time": 1.3333, "angle": 3.68 },
					{ "time": 1.8333, "angle": -2.02 },
					{ "time": 2.3333, "angle": 0.79 },
					{ "time": 2.5, "angle": 2.68 },
					{ "time": 3, "angle": 0 }
				],
				"translate": [
					{ "time": 0, "x": 0, "y": 0, "curve": "stepped" },
					{ "time": 0.6666, "x": 0, "y": 0, "curve": "stepped" },
					{ "time": 1.3333, "x": 0, "y": 0, "curve": "stepped" },
					{ "time": 1.8333, "x": 0, "y": 0, "curve": "stepped" },
					{ "time": 2.3333, "x": 0, "y": 0, "curve": "stepped" },
					{ "time": 3, "x": 0, "y": 0 }
				],
				"scale": [
					{ "time": 0, "x": 1, "y": 1, "curve": "stepped" },
					{ "time": 0.6666, "x": 1, "y": 1, "curve": "stepped" },
					{ "time": 1.3333, "x": 1, "y": 1, "curve": "stepped" },
					{ "time": 1.8333, "x": 1, "y": 1, "curve": "stepped" },
					{ "time": 2.3333, "x": 1, "y": 1, "curve": "stepped" },
					{ "time": 3, "x": 1, "y": 1 }
				]
			},
			"you_eye": {
				"rotate": [
					{ "time": 0, "angle": 0, "curve": "stepped" },
					{ "time": 0.1666, "angle": 0, "curve": "stepped" },
					{ "time": 0.5, "angle": 0, "curve": "stepped" },
					{ "time": 2.0666, "angle": 0, "curve": "stepped" },
					{ "time": 2.4, "angle": 0, "curve": "stepped" },
					{ "time": 3, "angle": 0 }
				],
				"translate": [
					{ "time": 0, "x": 0, "y": 0, "curve": "stepped" },
					{ "time": 0.1666, "x": 0, "y": 0, "curve": "stepped" },
					{ "time": 0.5, "x": 0, "y": 0, "curve": "stepped" },
					{ "time": 2.0666, "x": 0, "y": 0, "curve": "stepped" },
					{ "time": 2.4, "x": 0, "y": 0, "curve": "stepped" },
					{ "time": 3, "x": 0, "y": 0 }
				],
				"scale": [
					{ "time": 0, "x": 1, "y": 1, "curve": "stepped" },
					{ "time": 0.1666, "x": 1, "y": 1, "curve": "stepped" },
					{ "time": 0.5, "x": 1, "y": 1, "curve": "stepped" },
					{ "time": 2.0666, "x": 1, "y": 1, "curve": "stepped" },
					{ "time": 2.4, "x": 1, "y": 1, "curve": "stepped" },
					{ "time": 3, "x": 1, "y": 1 }
				]
			},
			"zui_2": {
				"rotate": [
					{ "time": 0, "angle": 0, "curve": "stepped" },
					{ "time": 2, "angle": 0, "curve": "stepped" },
					{ "time": 2.4333, "angle": 0, "curve": "stepped" },
					{ "time": 3, "angle": 0 }
				],
				"translate": [
					{ "time": 0, "x": 0, "y": 0, "curve": "stepped" },
					{ "time": 2, "x": 0, "y": 0 },
					{ "time": 2.1, "x": -0.68, "y": 0.04, "curve": "stepped" },
					{ "time": 2.3333, "x": -0.68, "y": 0.04 },
					{ "time": 2.4333, "x": 0, "y": 0, "curve": "stepped" },
					{ "time": 3, "x": 0, "y": 0 }
				],
				"scale": [
					{ "time": 0, "x": 1, "y": 1, "curve": "stepped" },
					{ "time": 2, "x": 1, "y": 1 },
					{ "time": 2.1, "x": 1.135, "y": 0.848, "curve": "stepped" },
					{ "time": 2.3333, "x": 1.135, "y": 0.848 },
					{ "time": 2.4333, "x": 1, "y": 1, "curve": "stepped" },
					{ "time": 3, "x": 1, "y": 1 }
				]
			},
			"zuo_eye": {
				"rotate": [
					{ "time": 0, "angle": 0, "curve": "stepped" },
					{ "time": 0.1666, "angle": 0, "curve": "stepped" },
					{ "time": 0.5, "angle": 0, "curve": "stepped" },
					{ "time": 2.0666, "angle": 0, "curve": "stepped" },
					{ "time": 2.4, "angle": 0, "curve": "stepped" },
					{ "time": 3, "angle": 0 }
				],
				"translate": [
					{ "time": 0, "x": 0, "y": 0, "curve": "stepped" },
					{ "time": 0.1666, "x": 0, "y": 0, "curve": "stepped" },
					{ "time": 0.5, "x": 0, "y": 0, "curve": "stepped" },
					{ "time": 2.0666, "x": 0, "y": 0, "curve": "stepped" },
					{ "time": 2.4, "x": 0, "y": 0, "curve": "stepped" },
					{ "time": 3, "x": 0, "y": 0 }
				],
				"scale": [
					{ "time": 0, "x": 1, "y": 1, "curve": "stepped" },
					{ "time": 0.1666, "x": 1, "y": 1, "curve": "stepped" },
					{ "time": 0.5, "x": 1, "y": 1, "curve": "stepped" },
					{ "time": 2.0666, "x": 1, "y": 1, "curve": "stepped" },
					{ "time": 2.4, "x": 1, "y": 1, "curve": "stepped" },
					{ "time": 3, "x": 1, "y": 1 }
				]
			},
			"fa_di2": {
				"rotate": [
					{ "time": 0, "angle": 0, "curve": "stepped" },
					{ "time": 3, "angle": 0 }
				],
				"translate": [
					{ "time": 0, "x": 0, "y": 0, "curve": "stepped" },
					{ "time": 3, "x": 0, "y": 0 }
				],
				"scale": [
					{ "time": 0, "x": 1, "y": 1, "curve": "stepped" },
					{ "time": 3, "x": 1, "y": 1 }
				]
			},
			"fa_qian2": {
				"rotate": [
					{ "time": 0, "angle": 0 },
					{ "time": 1, "angle": 4.79 },
					{ "time": 1.5, "angle": 8.41 },
					{ "time": 2, "angle": -2.58 },
					{ "time": 2.3333, "angle": -5.24 },
					{ "time": 3, "angle": 0 }
				],
				"translate": [
					{ "time": 0, "x": 0, "y": 0, "curve": "stepped" },
					{ "time": 3, "x": 0, "y": 0 }
				],
				"scale": [
					{ "time": 0, "x": 1, "y": 1, "curve": "stepped" },
					{ "time": 3, "x": 1, "y": 1 }
				]
			},
			"fa_qian3": {
				"rotate": [
					{ "time": 0, "angle": 0 },
					{ "time": 1.5, "angle": -1.32 },
					{ "time": 2.3333, "angle": -3.95 },
					{ "time": 3, "angle": 0 }
				],
				"translate": [
					{ "time": 0, "x": 0, "y": 0, "curve": "stepped" },
					{ "time": 3, "x": 0, "y": 0 }
				],
				"scale": [
					{ "time": 0, "x": 1, "y": 1, "curve": "stepped" },
					{ "time": 3, "x": 1, "y": 1 }
				]
			},
			"fa_qian4": {
				"rotate": [
					{ "time": 0, "angle": 0 },
					{ "time": 1.5, "angle": -1.32 },
					{ "time": 2.3333, "angle": -3.95 },
					{ "time": 3, "angle": 0 }
				],
				"translate": [
					{ "time": 0, "x": 0, "y": 0, "curve": "stepped" },
					{ "time": 3, "x": 0, "y": 0 }
				],
				"scale": [
					{ "time": 0, "x": 1, "y": 1, "curve": "stepped" },
					{ "time": 3, "x": 1, "y": 1 }
				]
			},
			"fa_you_2": {
				"rotate": [
					{ "time": 0, "angle": 0, "curve": "stepped" },
					{ "time": 3, "angle": 0 }
				],
				"translate": [
					{ "time": 0, "x": 0, "y": 0, "curve": "stepped" },
					{ "time": 3, "x": 0, "y": 0 }
				],
				"scale": [
					{ "time": 0, "x": 1, "y": 1, "curve": "stepped" },
					{ "time": 3, "x": 1, "y": 1 }
				]
			},
			"fa_you_9": {
				"rotate": [
					{ "time": 0, "angle": 0, "curve": "stepped" },
					{ "time": 3, "angle": 0 }
				],
				"translate": [
					{ "time": 0, "x": 0, "y": 0, "curve": "stepped" },
					{ "time": 3, "x": 0, "y": 0 }
				],
				"scale": [
					{ "time": 0, "x": 1, "y": 1, "curve": "stepped" },
					{ "time": 3, "x": 1, "y": 1 }
				]
			},
			"hand": {
				"rotate": [
					{ "time": 0, "angle": 0 },
					{ "time": 0.6666, "angle": -6.96 },
					{ "time": 1.3333, "angle": 9.29 },
					{ "time": 1.8333, "angle": 6.28 },
					{ "time": 2.1666, "angle": -5.38 },
					{ "time": 2.5, "angle": -10.85 },
					{ "time": 3, "angle": 0 }
				],
				"translate": [
					{ "time": 0, "x": 0, "y": 0, "curve": "stepped" },
					{ "time": 0.6666, "x": 0, "y": 0, "curve": "stepped" },
					{ "time": 1.3333, "x": 0, "y": 0, "curve": "stepped" },
					{ "time": 1.8333, "x": 0, "y": 0, "curve": "stepped" },
					{ "time": 2.1666, "x": 0, "y": 0, "curve": "stepped" },
					{ "time": 3, "x": 0, "y": 0 }
				],
				"scale": [
					{ "time": 0, "x": 1, "y": 1, "curve": "stepped" },
					{ "time": 0.6666, "x": 1, "y": 1, "curve": "stepped" },
					{ "time": 1.3333, "x": 1, "y": 1, "curve": "stepped" },
					{ "time": 1.8333, "x": 1, "y": 1, "curve": "stepped" },
					{ "time": 2.1666, "x": 1, "y": 1, "curve": "stepped" },
					{ "time": 3, "x": 1, "y": 1 }
				]
			},
			"fa_di3": {
				"rotate": [
					{ "time": 0, "angle": 0, "curve": "stepped" },
					{ "time": 3, "angle": 0 }
				],
				"translate": [
					{ "time": 0, "x": 0, "y": 0, "curve": "stepped" },
					{ "time": 3, "x": 0, "y": 0 }
				],
				"scale": [
					{ "time": 0, "x": 1, "y": 1, "curve": "stepped" },
					{ "time": 3, "x": 1, "y": 1 }
				]
			},
			"fa_qian5": {
				"rotate": [
					{ "time": 0, "angle": 0 },
					{ "time": 1, "angle": 4.79 },
					{ "time": 1.5, "angle": 12.83 },
					{ "time": 2, "angle": -2.58 },
					{ "time": 2.3333, "angle": -5.24 },
					{ "time": 3, "angle": 0 }
				],
				"translate": [
					{ "time": 0, "x": 0, "y": 0, "curve": "stepped" },
					{ "time": 3, "x": 0, "y": 0 }
				],
				"scale": [
					{ "time": 0, "x": 1, "y": 1, "curve": "stepped" },
					{ "time": 3, "x": 1, "y": 1 }
				]
			},
			"fa_qian7": {
				"rotate": [
					{ "time": 0, "angle": 0 },
					{ "time": 1, "angle": 4.79 },
					{ "time": 1.5, "angle": 8.41 },
					{ "time": 2, "angle": -2.58 },
					{ "time": 2.3333, "angle": -5.24 },
					{ "time": 3, "angle": 0 }
				],
				"translate": [
					{ "time": 0, "x": 0, "y": 0, "curve": "stepped" },
					{ "time": 3, "x": 0, "y": 0 }
				],
				"scale": [
					{ "time": 0, "x": 1, "y": 1, "curve": "stepped" },
					{ "time": 3, "x": 1, "y": 1 }
				]
			},
			"fa_you_10": {
				"rotate": [
					{ "time": 0, "angle": 0 },
					{ "time": 1, "angle": -1.32 },
					{ "time": 1.5, "angle": -1.38 },
					{ "time": 2, "angle": 0.51 },
					{ "time": 2.5, "angle": -0.63 },
					{ "time": 3, "angle": 0 }
				],
				"translate": [
					{ "time": 0, "x": 0, "y": 0, "curve": "stepped" },
					{ "time": 1, "x": 0, "y": 0, "curve": "stepped" },
					{ "time": 3, "x": 0, "y": 0 }
				],
				"scale": [
					{ "time": 0, "x": 1, "y": 1, "curve": "stepped" },
					{ "time": 1, "x": 1, "y": 1 },
					{ "time": 1.5, "x": 0.99, "y": 1 },
					{ "time": 2, "x": 1.001, "y": 1 },
					{ "time": 3, "x": 1, "y": 1 }
				]
			},
			"fa_you_3": {
				"rotate": [
					{ "time": 0, "angle": 0 },
					{ "time": 0.6666, "angle": 0.86 },
					{ "time": 1.5, "angle": 1.9 },
					{ "time": 2.3333, "angle": 0.41 },
					{ "time": 3, "angle": 0 }
				],
				"translate": [
					{ "time": 0, "x": 0, "y": 0, "curve": "stepped" },
					{ "time": 3, "x": 0, "y": 0 }
				],
				"scale": [
					{ "time": 0, "x": 1, "y": 1, "curve": "stepped" },
					{ "time": 3, "x": 1, "y": 1 }
				]
			},
			"hand4": {
				"rotate": [
					{ "time": 0, "angle": 0 },
					{ "time": 0.6666, "angle": -6.96 },
					{ "time": 1.3333, "angle": 0, "curve": "stepped" },
					{ "time": 1.8333, "angle": 0, "curve": "stepped" },
					{ "time": 2.3333, "angle": 0, "curve": "stepped" },
					{ "time": 3, "angle": 0 }
				],
				"translate": [
					{ "time": 0, "x": 0, "y": 0, "curve": "stepped" },
					{ "time": 0.6666, "x": 0, "y": 0, "curve": "stepped" },
					{ "time": 1.3333, "x": 0, "y": 0, "curve": "stepped" },
					{ "time": 1.8333, "x": 0, "y": 0, "curve": "stepped" },
					{ "time": 2.3333, "x": 0, "y": 0, "curve": "stepped" },
					{ "time": 3, "x": 0, "y": 0 }
				],
				"scale": [
					{ "time": 0, "x": 1, "y": 1, "curve": "stepped" },
					{ "time": 0.6666, "x": 1, "y": 1, "curve": "stepped" },
					{ "time": 1.3333, "x": 1, "y": 1, "curve": "stepped" },
					{ "time": 1.8333, "x": 1, "y": 1, "curve": "stepped" },
					{ "time": 2.3333, "x": 1, "y": 1, "curve": "stepped" },
					{ "time": 3, "x": 1, "y": 1 }
				]
			},
			"shou_zhi": {
				"rotate": [
					{ "time": 0, "angle": 0 },
					{ "time": 0.6666, "angle": -6.96 },
					{ "time": 1.3333, "angle": 3.94 },
					{ "time": 1.8333, "angle": 11.96 },
					{ "time": 2.1666, "angle": 14.33 },
					{ "time": 2.5, "angle": 17.66 },
					{ "time": 3, "angle": 0 }
				],
				"translate": [
					{ "time": 0, "x": 0, "y": 0, "curve": "stepped" },
					{ "time": 0.6666, "x": 0, "y": 0, "curve": "stepped" },
					{ "time": 1.3333, "x": 0, "y": 0, "curve": "stepped" },
					{ "time": 1.8333, "x": 0, "y": 0, "curve": "stepped" },
					{ "time": 2.1666, "x": 0, "y": 0, "curve": "stepped" },
					{ "time": 3, "x": 0, "y": 0 }
				],
				"scale": [
					{ "time": 0, "x": 1, "y": 1, "curve": "stepped" },
					{ "time": 0.6666, "x": 1, "y": 1, "curve": "stepped" },
					{ "time": 1.3333, "x": 1, "y": 1, "curve": "stepped" },
					{ "time": 1.8333, "x": 1, "y": 1, "curve": "stepped" },
					{ "time": 2.1666, "x": 1, "y": 1, "curve": "stepped" },
					{ "time": 3, "x": 1, "y": 1 }
				]
			},
			"fa_di4": {
				"rotate": [
					{ "time": 0, "angle": 0 },
					{ "time": 1, "angle": 4.36 },
					{ "time": 1.8333, "angle": 2.54 },
					{ "time": 2.3333, "angle": -4.29 },
					{ "time": 3, "angle": 0 }
				],
				"translate": [
					{ "time": 0, "x": 0, "y": 0, "curve": "stepped" },
					{ "time": 3, "x": 0, "y": 0 }
				],
				"scale": [
					{ "time": 0, "x": 1, "y": 1 },
					{ "time": 2.3333, "x": 0.933, "y": 1 },
					{ "time": 3, "x": 1, "y": 1 }
				]
			},
			"fa_qian6": {
				"rotate": [
					{ "time": 0, "angle": 0 },
					{ "time": 1, "angle": 4.79 },
					{ "time": 1.5, "angle": 13.69 },
					{ "time": 2, "angle": -2.58 },
					{ "time": 2.3333, "angle": -28.87 },
					{ "time": 3, "angle": 0 }
				],
				"translate": [
					{ "time": 0, "x": 0, "y": 0, "curve": "stepped" },
					{ "time": 3, "x": 0, "y": 0 }
				],
				"scale": [
					{ "time": 0, "x": 1, "y": 1, "curve": "stepped" },
					{ "time": 3, "x": 1, "y": 1 }
				]
			},
			"fa_qian8": {
				"rotate": [
					{ "time": 0, "angle": 0 },
					{ "time": 1, "angle": 4.79 },
					{ "time": 1.5, "angle": 8.41 },
					{ "time": 2, "angle": -2.58 },
					{ "time": 2.3333, "angle": -2.41 },
					{ "time": 3, "angle": 0 }
				],
				"translate": [
					{ "time": 0, "x": 0, "y": 0, "curve": "stepped" },
					{ "time": 3, "x": 0, "y": 0 }
				],
				"scale": [
					{ "time": 0, "x": 1, "y": 1, "curve": "stepped" },
					{ "time": 3, "x": 1, "y": 1 }
				]
			},
			"fa_you_11": {
				"rotate": [
					{ "time": 0, "angle": 0 },
					{ "time": 1, "angle": -1.32 },
					{ "time": 1.5, "angle": -1.38 },
					{ "time": 2, "angle": 0.51 },
					{ "time": 2.5, "angle": -0.63 },
					{ "time": 3, "angle": 0 }
				],
				"translate": [
					{ "time": 0, "x": 0, "y": 0, "curve": "stepped" },
					{ "time": 1, "x": 0, "y": 0, "curve": "stepped" },
					{ "time": 3, "x": 0, "y": 0 }
				],
				"scale": [
					{ "time": 0, "x": 1, "y": 1, "curve": "stepped" },
					{ "time": 1, "x": 1, "y": 1 },
					{ "time": 1.5, "x": 0.99, "y": 1 },
					{ "time": 2, "x": 1.001, "y": 1 },
					{ "time": 3, "x": 1, "y": 1 }
				]
			},
			"fa_you_4": {
				"rotate": [
					{ "time": 0, "angle": 0 },
					{ "time": 0.6666, "angle": 2.9 },
					{ "time": 1.5, "angle": 3.14 },
					{ "time": 2.3333, "angle": -3.87 },
					{ "time": 3, "angle": 0 }
				],
				"translate": [
					{ "time": 0, "x": 0, "y": 0, "curve": "stepped" },
					{ "time": 3, "x": 0, "y": 0 }
				],
				"scale": [
					{ "time": 0, "x": 1, "y": 1, "curve": "stepped" },
					{ "time": 3, "x": 1, "y": 1 }
				]
			},
			"hand2": {
				"rotate": [
					{ "time": 0, "angle": 0, "curve": "stepped" },
					{ "time": 0.6666, "angle": 0, "curve": "stepped" },
					{ "time": 1.3333, "angle": 0, "curve": "stepped" },
					{ "time": 1.8333, "angle": 0, "curve": "stepped" },
					{ "time": 2.3333, "angle": 0, "curve": "stepped" },
					{ "time": 3, "angle": 0 }
				],
				"translate": [
					{ "time": 0, "x": 0, "y": 0, "curve": "stepped" },
					{ "time": 0.6666, "x": 0, "y": 0, "curve": "stepped" },
					{ "time": 1.3333, "x": 0, "y": 0, "curve": "stepped" },
					{ "time": 1.8333, "x": 0, "y": 0, "curve": "stepped" },
					{ "time": 2.3333, "x": 0, "y": 0, "curve": "stepped" },
					{ "time": 3, "x": 0, "y": 0 }
				],
				"scale": [
					{ "time": 0, "x": 1, "y": 1, "curve": "stepped" },
					{ "time": 0.6666, "x": 1, "y": 1, "curve": "stepped" },
					{ "time": 1.3333, "x": 1, "y": 1, "curve": "stepped" },
					{ "time": 1.8333, "x": 1, "y": 1, "curve": "stepped" },
					{ "time": 2.3333, "x": 1, "y": 1, "curve": "stepped" },
					{ "time": 3, "x": 1, "y": 1 }
				]
			},
			"hand3": {
				"rotate": [
					{ "time": 0, "angle": 0, "curve": "stepped" },
					{ "time": 0.6666, "angle": 0, "curve": "stepped" },
					{ "time": 1.3333, "angle": 0, "curve": "stepped" },
					{ "time": 1.8333, "angle": 0, "curve": "stepped" },
					{ "time": 2.3333, "angle": 0, "curve": "stepped" },
					{ "time": 3, "angle": 0 }
				],
				"translate": [
					{ "time": 0, "x": 0, "y": 0, "curve": "stepped" },
					{ "time": 0.6666, "x": 0, "y": 0, "curve": "stepped" },
					{ "time": 1.3333, "x": 0, "y": 0, "curve": "stepped" },
					{ "time": 1.8333, "x": 0, "y": 0, "curve": "stepped" },
					{ "time": 2.3333, "x": 0, "y": 0, "curve": "stepped" },
					{ "time": 3, "x": 0, "y": 0 }
				],
				"scale": [
					{ "time": 0, "x": 1, "y": 1, "curve": "stepped" },
					{ "time": 0.6666, "x": 1, "y": 1, "curve": "stepped" },
					{ "time": 1.3333, "x": 1, "y": 1, "curve": "stepped" },
					{ "time": 1.8333, "x": 1, "y": 1, "curve": "stepped" },
					{ "time": 2.3333, "x": 1, "y": 1, "curve": "stepped" },
					{ "time": 3, "x": 1, "y": 1 }
				]
			},
			"shou_zhi2": {
				"rotate": [
					{ "time": 0, "angle": 0 },
					{ "time": 0.6666, "angle": -6.96 },
					{ "time": 1.3333, "angle": 6.48 },
					{ "time": 1.8333, "angle": 22.61 },
					{ "time": 2.1666, "angle": 39.21 },
					{ "time": 2.5, "angle": 43.69 },
					{ "time": 3, "angle": 0 }
				],
				"translate": [
					{ "time": 0, "x": 0, "y": 0, "curve": "stepped" },
					{ "time": 0.6666, "x": 0, "y": 0, "curve": "stepped" },
					{ "time": 1.3333, "x": 0, "y": 0, "curve": "stepped" },
					{ "time": 1.8333, "x": 0, "y": 0, "curve": "stepped" },
					{ "time": 2.1666, "x": 0, "y": 0, "curve": "stepped" },
					{ "time": 3, "x": 0, "y": 0 }
				],
				"scale": [
					{ "time": 0, "x": 1, "y": 1, "curve": "stepped" },
					{ "time": 0.6666, "x": 1, "y": 1, "curve": "stepped" },
					{ "time": 1.3333, "x": 1, "y": 1, "curve": "stepped" },
					{ "time": 1.8333, "x": 1, "y": 1, "curve": "stepped" },
					{ "time": 2.1666, "x": 1, "y": 1, "curve": "stepped" },
					{ "time": 3, "x": 1, "y": 1 }
				]
			},
			"fa_di5": {
				"rotate": [
					{ "time": 0, "angle": 0 },
					{ "time": 1, "angle": 4.36 },
					{ "time": 1.8333, "angle": 2.54 },
					{ "time": 2.3333, "angle": -10.09 },
					{ "time": 3, "angle": 0 }
				],
				"translate": [
					{ "time": 0, "x": 0, "y": 0, "curve": "stepped" },
					{ "time": 3, "x": 0, "y": 0 }
				],
				"scale": [
					{ "time": 0, "x": 1, "y": 1 },
					{ "time": 2.3333, "x": 1.057, "y": 1 },
					{ "time": 3, "x": 1, "y": 1 }
				]
			},
			"fa_qian9": {
				"rotate": [
					{ "time": 0, "angle": 0 },
					{ "time": 1, "angle": 4.79 },
					{ "time": 1.5, "angle": 8.41 },
					{ "time": 2, "angle": -2.58 },
					{ "time": 2.3333, "angle": -10.96 },
					{ "time": 3, "angle": 0 }
				],
				"translate": [
					{ "time": 0, "x": 0, "y": 0, "curve": "stepped" },
					{ "time": 3, "x": 0, "y": 0 }
				],
				"scale": [
					{ "time": 0, "x": 1, "y": 1, "curve": "stepped" },
					{ "time": 3, "x": 1, "y": 1 }
				]
			},
			"fa_you_12": {
				"rotate": [
					{ "time": 0, "angle": 0 },
					{ "time": 1, "angle": -1.32 },
					{ "time": 1.5, "angle": -1.38 },
					{ "time": 2, "angle": 0.51 },
					{ "time": 2.5, "angle": -0.63 },
					{ "time": 3, "angle": 0 }
				],
				"translate": [
					{ "time": 0, "x": 0, "y": 0, "curve": "stepped" },
					{ "time": 1, "x": 0, "y": 0, "curve": "stepped" },
					{ "time": 3, "x": 0, "y": 0 }
				],
				"scale": [
					{ "time": 0, "x": 1, "y": 1, "curve": "stepped" },
					{ "time": 1, "x": 1, "y": 1 },
					{ "time": 1.5, "x": 0.99, "y": 1 },
					{ "time": 2, "x": 1.001, "y": 1 },
					{ "time": 3, "x": 1, "y": 1 }
				]
			},
			"fa_you_5": {
				"rotate": [
					{ "time": 0, "angle": 0 },
					{ "time": 0.6666, "angle": -5.86 },
					{ "time": 1.8333, "angle": 1.32 },
					{ "time": 2.3333, "angle": 8.01 },
					{ "time": 2.6666, "angle": -3.41 },
					{ "time": 3, "angle": 0 }
				],
				"translate": [
					{ "time": 0, "x": 0, "y": 0, "curve": "stepped" },
					{ "time": 3, "x": 0, "y": 0 }
				],
				"scale": [
					{ "time": 0, "x": 1, "y": 1, "curve": "stepped" },
					{ "time": 3, "x": 1, "y": 1 }
				]
			},
			"shou_zhi3": {
				"rotate": [
					{ "time": 0, "angle": 0 },
					{ "time": 0.6666, "angle": -6.96 },
					{ "time": 1.3333, "angle": 0 },
					{ "time": 1.8333, "angle": 7 },
					{ "time": 2.1666, "angle": 24.34 },
					{ "time": 2.5, "angle": 23.66 },
					{ "time": 3, "angle": 0 }
				],
				"translate": [
					{ "time": 0, "x": 0, "y": 0, "curve": "stepped" },
					{ "time": 0.6666, "x": 0, "y": 0, "curve": "stepped" },
					{ "time": 1.3333, "x": 0, "y": 0, "curve": "stepped" },
					{ "time": 1.8333, "x": 0, "y": 0, "curve": "stepped" },
					{ "time": 2.1666, "x": 0, "y": 0, "curve": "stepped" },
					{ "time": 3, "x": 0, "y": 0 }
				],
				"scale": [
					{ "time": 0, "x": 1, "y": 1, "curve": "stepped" },
					{ "time": 0.6666, "x": 1, "y": 1, "curve": "stepped" },
					{ "time": 1.3333, "x": 1, "y": 1, "curve": "stepped" },
					{ "time": 1.8333, "x": 1, "y": 1, "curve": "stepped" },
					{ "time": 2.1666, "x": 1, "y": 1, "curve": "stepped" },
					{ "time": 3, "x": 1, "y": 1 }
				]
			},
			"fa_di6": {
				"rotate": [
					{ "time": 0, "angle": 0 },
					{ "time": 1, "angle": 4.36 },
					{ "time": 1.8333, "angle": 2.54 },
					{ "time": 2.3333, "angle": -10.09 },
					{ "time": 3, "angle": 0 }
				],
				"translate": [
					{ "time": 0, "x": 0, "y": 0, "curve": "stepped" },
					{ "time": 3, "x": 0, "y": 0 }
				],
				"scale": [
					{ "time": 0, "x": 1, "y": 1, "curve": "stepped" },
					{ "time": 3, "x": 1, "y": 1 }
				]
			},
			"fa_qian10": {
				"rotate": [
					{ "time": 0, "angle": 0 },
					{ "time": 1, "angle": 4.79 },
					{ "time": 1.5, "angle": 8.41 },
					{ "time": 2, "angle": -2.58 },
					{ "time": 2.3333, "angle": -17.37 },
					{ "time": 3, "angle": 0 }
				],
				"translate": [
					{ "time": 0, "x": 0, "y": 0, "curve": "stepped" },
					{ "time": 3, "x": 0, "y": 0 }
				],
				"scale": [
					{ "time": 0, "x": 1, "y": 1, "curve": "stepped" },
					{ "time": 3, "x": 1, "y": 1 }
				]
			},
			"fa_you_13": {
				"rotate": [
					{ "time": 0, "angle": 0 },
					{ "time": 1, "angle": -1.32 },
					{ "time": 1.5, "angle": -1.38 },
					{ "time": 2, "angle": 0.51 },
					{ "time": 2.5, "angle": -0.63 },
					{ "time": 3, "angle": 0 }
				],
				"translate": [
					{ "time": 0, "x": 0, "y": 0, "curve": "stepped" },
					{ "time": 1, "x": 0, "y": 0, "curve": "stepped" },
					{ "time": 3, "x": 0, "y": 0 }
				],
				"scale": [
					{ "time": 0, "x": 1, "y": 1, "curve": "stepped" },
					{ "time": 1, "x": 1, "y": 1 },
					{ "time": 1.5, "x": 0.99, "y": 1 },
					{ "time": 2, "x": 1.001, "y": 1 },
					{ "time": 3, "x": 1, "y": 1 }
				]
			},
			"fa_you_6": {
				"rotate": [
					{ "time": 0, "angle": 0 },
					{ "time": 0.6666, "angle": -5.86 },
					{ "time": 1.8333, "angle": 2.82 },
					{ "time": 2.3333, "angle": 14.06 },
					{ "time": 2.6666, "angle": 8.54 },
					{ "time": 3, "angle": 0 }
				],
				"translate": [
					{ "time": 0, "x": 0, "y": 0, "curve": "stepped" },
					{ "time": 3, "x": 0, "y": 0 }
				],
				"scale": [
					{ "time": 0, "x": 1, "y": 1, "curve": "stepped" },
					{ "time": 3, "x": 1, "y": 1 }
				]
			},
			"fa_you_14": {
				"rotate": [
					{ "time": 0, "angle": 0 },
					{ "time": 1, "angle": -1.32 },
					{ "time": 1.5, "angle": -1.38 },
					{ "time": 2, "angle": 0.51 },
					{ "time": 2.5, "angle": -0.63 },
					{ "time": 3, "angle": 0 }
				],
				"translate": [
					{ "time": 0, "x": 0, "y": 0, "curve": "stepped" },
					{ "time": 1, "x": 0, "y": 0, "curve": "stepped" },
					{ "time": 3, "x": 0, "y": 0 }
				],
				"scale": [
					{ "time": 0, "x": 1, "y": 1, "curve": "stepped" },
					{ "time": 1, "x": 1, "y": 1 },
					{ "time": 1.5, "x": 0.99, "y": 1 },
					{ "time": 2, "x": 1.001, "y": 1 },
					{ "time": 3, "x": 1, "y": 1 }
				]
			},
			"fa_you_7": {
				"rotate": [
					{ "time": 0, "angle": 0 },
					{ "time": 0.6666, "angle": -5.86 },
					{ "time": 1.8333, "angle": -6 },
					{ "time": 2.3333, "angle": 14.06 },
					{ "time": 2.6666, "angle": -7.93 },
					{ "time": 3, "angle": 0 }
				],
				"translate": [
					{ "time": 0, "x": 0, "y": 0, "curve": "stepped" },
					{ "time": 3, "x": 0, "y": 0 }
				],
				"scale": [
					{ "time": 0, "x": 1, "y": 1, "curve": "stepped" },
					{ "time": 3, "x": 1, "y": 1 }
				]
			},
			"fa_you_15": {
				"rotate": [
					{ "time": 0, "angle": 0 },
					{ "time": 1, "angle": -1.32 },
					{ "time": 1.5, "angle": -1.38 },
					{ "time": 2, "angle": 0.51 },
					{ "time": 2.5, "angle": -0.63 },
					{ "time": 3, "angle": 0 }
				],
				"translate": [
					{ "time": 0, "x": 0, "y": 0, "curve": "stepped" },
					{ "time": 1, "x": 0, "y": 0, "curve": "stepped" },
					{ "time": 3, "x": 0, "y": 0 }
				],
				"scale": [
					{ "time": 0, "x": 1, "y": 1, "curve": "stepped" },
					{ "time": 1, "x": 1, "y": 1 },
					{ "time": 1.5, "x": 0.99, "y": 1 },
					{ "time": 2, "x": 1.001, "y": 1 },
					{ "time": 3, "x": 1, "y": 1 }
				]
			},
			"fa_you_16": {
				"rotate": [
					{ "time": 0, "angle": 0 },
					{ "time": 1, "angle": -1.32 },
					{ "time": 1.5, "angle": -1.38 },
					{ "time": 2, "angle": 0.51 },
					{ "time": 2.5, "angle": -0.63 },
					{ "time": 3, "angle": 0 }
				],
				"translate": [
					{ "time": 0, "x": 0, "y": 0, "curve": "stepped" },
					{ "time": 1, "x": 0, "y": 0, "curve": "stepped" },
					{ "time": 3, "x": 0, "y": 0 }
				],
				"scale": [
					{ "time": 0, "x": 1, "y": 1, "curve": "stepped" },
					{ "time": 1, "x": 1, "y": 1 },
					{ "time": 1.5, "x": 0.99, "y": 1 },
					{ "time": 2, "x": 1.001, "y": 1 },
					{ "time": 3, "x": 1, "y": 1 }
				]
			}
		},
		"ffd": {
			"common": {
				"zui_2": {
					"zui_1": [
						{ "time": 0, "curve": "stepped" },
						{ "time": 3 }
					],
					"zui_2": [
						{ "time": 0, "curve": "stepped" },
						{ "time": 3 }
					]
				}
			},
			"default": {
				"body": {
					"body": [
						{ "time": 0 },
						{
							"time": 1.5,
							"offset": 14,
							"vertices": [ -0.91978, 4.09919, -0.91978, 4.09919, -0.91978, 4.09919, 0, 0, 0, 0, 0.71532, -3.18829, 0.71532, -3.18829, -2.9996, -0.32369, 0.71532, -3.18829, -2.9996, -0.32369 ]
						},
						{ "time": 3 }
					]
				},
				"dabi": {
					"dabi": [
						{ "time": 0, "curve": "stepped" },
						{ "time": 3 }
					]
				},
				"fa_di": {
					"fa_di": [
						{ "time": 0, "curve": "stepped" },
						{ "time": 3 }
					]
				},
				"fa_qian": {
					"fa_qian": [
						{ "time": 0, "curve": "stepped" },
						{ "time": 3 }
					]
				},
				"fa_you_1": {
					"fa_you_1": [
						{ "time": 0, "curve": "stepped" },
						{ "time": 3 }
					]
				},
				"fa_you_2": {
					"fa_you_2": [
						{ "time": 0, "curve": "stepped" },
						{ "time": 3 }
					]
				},
				"hand": {
					"hand": [
						{ "time": 0, "curve": "stepped" },
						{ "time": 3 }
					]
				},
				"shou_zhi": {
					"shou_zhi": [
						{ "time": 0, "curve": "stepped" },
						{ "time": 3 }
					]
				},
				"tou": {
					"tou": [
						{ "time": 0, "curve": "stepped" },
						{ "time": 3 }
					]
				},
				"xiaobi": {
					"xiaobi": [
						{ "time": 0, "curve": "stepped" },
						{ "time": 3 }
					]
				},
				"you_eye": {
					"you_eye": [
						{ "time": 0, "curve": "stepped" },
						{
							"time": 0.1666,
							"curve": [ 0.25, 0, 0, 1 ]
						},
						{
							"time": 0.2666,
							"offset": 16,
							"vertices": [ 1.03653, -2.38099, 1.50888, -3.35385, 1.14557, -3.68606, 0.77553, -3.74568, 0.67868, -2.47869, 0.35545, -1.91401, 0.04809, -0.25885, 0.39796, -2.14248, 0.40036, -2.1544, 0.18013, -0.9691, 1.12365, -4.37514, 0, 0, 1.13418, -3.96998, 0, 0, 1.23613, -2.10084, 0, 0, 1.06603, -2.62342 ],
							"curve": "stepped"
						},
						{
							"time": 0.4,
							"offset": 16,
							"vertices": [ 1.03653, -2.38099, 1.50888, -3.35385, 1.14557, -3.68606, 0.77553, -3.74568, 0.67868, -2.47869, 0.35545, -1.91401, 0.04809, -0.25885, 0.39796, -2.14248, 0.40036, -2.1544, 0.18013, -0.9691, 1.12365, -4.37514, 0, 0, 1.13418, -3.96998, 0, 0, 1.23613, -2.10084, 0, 0, 1.06603, -2.62342 ],
							"curve": [ 1, 0, 0.75, 1 ]
						},
						{ "time": 0.5, "curve": "stepped" },
						{
							"time": 2.0666,
							"curve": [ 0.25, 0, 0, 1 ]
						},
						{
							"time": 2.1666,
							"offset": 16,
							"vertices": [ 1.03653, -2.38099, 1.50888, -3.35385, 1.14557, -3.68606, 0.77553, -3.74568, 0.67868, -2.47869, 0.35545, -1.91401, 0.04809, -0.25885, 0.39796, -2.14248, 0.40036, -2.1544, 0.18013, -0.9691, 1.12365, -4.37514, 0, 0, 1.13418, -3.96998, 0, 0, 1.23613, -2.10084, 0, 0, 1.06603, -2.62342 ],
							"curve": "stepped"
						},
						{
							"time": 2.3,
							"offset": 16,
							"vertices": [ 1.03653, -2.38099, 1.50888, -3.35385, 1.14557, -3.68606, 0.77553, -3.74568, 0.67868, -2.47869, 0.35545, -1.91401, 0.04809, -0.25885, 0.39796, -2.14248, 0.40036, -2.1544, 0.18013, -0.9691, 1.12365, -4.37514, 0, 0, 1.13418, -3.96998, 0, 0, 1.23613, -2.10084, 0, 0, 1.06603, -2.62342 ],
							"curve": [ 1, 0, 0.75, 1 ]
						},
						{ "time": 2.4, "curve": "stepped" },
						{ "time": 3 }
					]
				},
				"zuo_eye": {
					"zuo_eye": [
						{ "time": 0, "curve": "stepped" },
						{
							"time": 0.1666,
							"curve": [ 0.25, 0, 0, 1 ]
						},
						{
							"time": 0.2666,
							"vertices": [ -0.30622, 1.545, 0, 0, 0, 0, 0, 0, 0, 0, 0, 0, 0, 0, -0.1931, 0.67575, -0.39697, 2.00308, -0.49906, 2.51824, -0.79393, 4.00508, -0.77127, 3.89055, -0.44233, 2.23222, -0.465, 2.34603, -0.37429, 1.88851, -0.56709, 2.86107, 0, 0, -0.74858, 3.77724, -0.61244, 3.08937, 0, 0, -0.14745, 0.74386 ],
							"curve": "stepped"
						},
						{
							"time": 0.4,
							"vertices": [ -0.30622, 1.545, 0, 0, 0, 0, 0, 0, 0, 0, 0, 0, 0, 0, -0.1931, 0.67575, -0.39697, 2.00308, -0.49906, 2.51824, -0.79393, 4.00508, -0.77127, 3.89055, -0.44233, 2.23222, -0.465, 2.34603, -0.37429, 1.88851, -0.56709, 2.86107, 0, 0, -0.74858, 3.77724, -0.61244, 3.08937, 0, 0, -0.14745, 0.74386 ],
							"curve": [ 1, 0, 0.75, 1 ]
						},
						{ "time": 0.5, "curve": "stepped" },
						{
							"time": 2.0666,
							"curve": [ 0.25, 0, 0, 1 ]
						},
						{
							"time": 2.1666,
							"vertices": [ -0.30622, 1.545, 0, 0, 0, 0, 0, 0, 0, 0, 0, 0, 0, 0, -0.1931, 0.67575, -0.39697, 2.00308, -0.49906, 2.51824, -0.79393, 4.00508, -0.77127, 3.89055, -0.44233, 2.23222, -0.465, 2.34603, -0.37429, 1.88851, -0.56709, 2.86107, 0, 0, -0.74858, 3.77724, -0.61244, 3.08937, 0, 0, -0.14745, 0.74386 ],
							"curve": "stepped"
						},
						{
							"time": 2.3,
							"vertices": [ -0.30622, 1.545, 0, 0, 0, 0, 0, 0, 0, 0, 0, 0, 0, 0, -0.1931, 0.67575, -0.39697, 2.00308, -0.49906, 2.51824, -0.79393, 4.00508, -0.77127, 3.89055, -0.44233, 2.23222, -0.465, 2.34603, -0.37429, 1.88851, -0.56709, 2.86107, 0, 0, -0.74858, 3.77724, -0.61244, 3.08937, 0, 0, -0.14745, 0.74386 ],
							"curve": [ 1, 0, 0.75, 1 ]
						},
						{ "time": 2.4, "curve": "stepped" },
						{ "time": 3 }
					]
				}
			}
		},
		"drawOrder": [
			{
				"time": 0,
				"offsets": [
					{ "slot": "zui_2", "offset": -2 }
				]
			},
			{
				"time": 3,
				"offsets": [
					{ "slot": "zui_2", "offset": -2 }
				]
			}
		]
	}
}
}