{
"skeleton": { "hash": "tt8M/Zj5T2FiPkSQ6oLkkdEE+hk", "spine": "2.1.27", "width": 401.07, "height": 118.48, "images": "" },
"bones": [
	{ "name": "root" },
	{ "name": "bai", "parent": "root", "length": 29.66, "x": -0.07, "y": -0.33, "rotation": -90.45 },
	{ "name": "baiguang", "parent": "root", "length": 48.99, "x": -173.86, "y": -5.67, "rotation": -91.8 },
	{ "name": "dian_01", "parent": "root", "x": -67, "y": -7.42 },
	{ "name": "dian_02", "parent": "root", "x": 74.73, "y": -11.47 },
	{ "name": "dian_03", "parent": "root", "length": 32.93, "x": 8.42, "y": -7.92, "rotation": 87.74 },
	{ "name": "guang_dian", "parent": "root", "x": 44.92, "y": -55.13 },
	{ "name": "guang_quan_01", "parent": "root", "length": 33, "x": 108.91, "y": -6.72 },
	{ "name": "guang_quan_02", "parent": "root", "length": 33, "x": -107.17, "y": -7.13, "rotation": 180 },
	{ "name": "guang_xian_01", "parent": "root", "length": 24, "x": -2.64, "y": 39.43, "rotation": 90 },
	{ "name": "guang_xian_02", "parent": "root", "length": 24, "x": -15.11, "y": -55.01, "rotation": 90 },
	{ "name": "bone", "parent": "guang_quan_01", "length": 15.99, "x": 51.25, "y": -0.1, "rotation": 99.38 },
	{ "name": "bone2", "parent": "guang_quan_02", "length": 15.99, "x": 51.25, "y": -0.1, "rotation": 99.38 },
	{ "name": "guang_quan13", "parent": "guang_quan_02", "length": 14.59, "x": 51.44, "y": -0.48, "rotation": -98.22 },
	{ "name": "guang_quan5", "parent": "guang_quan_01", "length": 14.59, "x": 51.44, "y": -0.48, "rotation": -98.22 },
	{ "name": "guang_xian_2", "parent": "guang_xian_01", "length": 26.27, "x": -0.18, "y": 4.53, "rotation": 89.54 },
	{ "name": "guang_xian_3", "parent": "guang_xian_01", "length": 28.16, "x": -0.18, "y": -5.1, "rotation": -89.09 },
	{ "name": "guang_xian_5", "parent": "guang_xian_02", "length": 26.27, "x": -0.18, "y": 4.53, "rotation": 89.54 },
	{ "name": "guang_xian_6", "parent": "guang_xian_02", "length": 28.16, "x": -0.18, "y": -5.1, "rotation": -89.09 },
	{ "name": "guang_quan10", "parent": "bone2", "length": 14.78, "x": 15.43, "y": 0.14, "rotation": 16.24 },
	{ "name": "guang_quan14", "parent": "guang_quan13", "length": 11.99, "x": 15.12, "y": 0.26, "rotation": -21.25 },
	{ "name": "guang_quan2", "parent": "bone", "length": 14.78, "x": 15.43, "y": 0.14, "rotation": 16.24 },
	{ "name": "guang_quan6", "parent": "guang_quan5", "length": 11.99, "x": 15.12, "y": 0.26, "rotation": -21.25 },
	{ "name": "guang_quan11", "parent": "guang_quan10", "length": 12.02, "x": 13.59, "y": 0.22, "rotation": 13.29 },
	{ "name": "guang_quan15", "parent": "guang_quan14", "length": 11.87, "x": 12.32, "y": 0.2, "rotation": -10.26 },
	{ "name": "guang_quan3", "parent": "guang_quan2", "length": 12.02, "x": 13.59, "y": 0.22, "rotation": 13.29 },
	{ "name": "guang_quan7", "parent": "guang_quan6", "length": 11.87, "x": 12.32, "y": 0.2, "rotation": -10.26 },
	{ "name": "guang_quan12", "parent": "guang_quan11", "length": 13.91, "x": 11.07, "y": 0.09, "rotation": 18.84 },
	{ "name": "guang_quan16", "parent": "guang_quan15", "length": 12.14, "x": 13.09, "rotation": -10.26 },
	{ "name": "guang_quan4", "parent": "guang_quan3", "length": 13.91, "x": 11.07, "y": 0.09, "rotation": 18.84 },
	{ "name": "guang_quan8", "parent": "guang_quan7", "length": 12.14, "x": 13.09, "rotation": -10.26 }
],
"slots": [
	{ "name": "dian_03", "bone": "dian_03", "attachment": "dian_03" },
	{ "name": "dian_02", "bone": "dian_02", "attachment": "dian_02" },
	{ "name": "dian_01", "bone": "dian_01", "attachment": "dian_01" },
	{ "name": "baiguang", "bone": "baiguang", "attachment": "baiguang" },
	{ "name": "guang_quan", "bone": "guang_quan8", "attachment": "guang_quan" },
	{ "name": "guang_quan2", "bone": "guang_quan16", "attachment": "guang_quan" },
	{ "name": "bai", "bone": "bai", "attachment": "bai" },
	{ "name": "guang_dian", "bone": "guang_dian", "attachment": "guang_dian" },
	{ "name": "guang_xian_1", "bone": "guang_xian_2", "attachment": "guang_xian_1" },
	{ "name": "guang_xian_3", "bone": "guang_xian_5", "attachment": "guang_xian_1" },
	{ "name": "guang_xian_2", "bone": "guang_xian_3", "attachment": "guang_xian_2" },
	{ "name": "guang_xian_4", "bone": "guang_xian_6", "attachment": "guang_xian_2" }
],
"skins": {
	"default": {
		"bai": {
			"bai": { "x": 4.35, "y": 0.74, "scaleX": 2, "scaleY": 2, "rotation": 90.45, "width": 163, "height": 54 }
		},
		"baiguang": {
			"baiguang": {
				"type": "mesh",
				"uvs": [ 0.91602, 0.22875, 0.82563, 0.47502, 0.72778, 0.74158, 0.63698, 0.98896, 0.44727, 0.99225, 0.15546, 0.9973, 0, 1, 0.08556, 0.76339, 0.1764, 0.5122, 0.26371, 0.24743, 0.34166, 0.01102, 0.49722, 0.00734, 0.84602, 0.00588, 1, 0, 0.41022, 0.24323, 0.32806, 0.50351, 0.24269, 0.75805, 0.74437, 0.23367, 0.64098, 0.4856, 0.54141, 0.74791 ],
				"triangles": [ 0, 12, 13, 17, 11, 12, 17, 12, 0, 14, 10, 11, 14, 11, 17, 9, 10, 14, 1, 17, 0, 18, 14, 17, 18, 17, 1, 15, 9, 14, 15, 14, 18, 8, 9, 15, 2, 18, 1, 19, 15, 18, 19, 18, 2, 16, 8, 15, 16, 15, 19, 7, 8, 16, 3, 19, 2, 4, 16, 19, 4, 19, 3, 5, 7, 16, 5, 16, 4, 6, 7, 5 ],
				"vertices": [ -29.89, 51.84, -3.92, 41.16999, 24.17, 29.63, 50.25, 18.92, 51.35, -5.14, 53.05, -42.17, 53.95, -61.89, 29.01, -51.81, 2.54, -41.09999, -25.32, -30.89, -50.21, -21.77, -51.22, -2.04, -52.77, 42.22, -54, 61.75, -26.35, -12.31, 1.03, -21.88, 27.83, -31.88, -28.69, 30.07, -2.08, 17.77, 25.57, 6 ],
				"hull": 14,
				"edges": [ 12, 14, 14, 16, 2, 4, 4, 6, 16, 18, 18, 20, 2, 0, 0, 26, 20, 22, 22, 24, 24, 26, 28, 18, 22, 28, 30, 16, 28, 30, 32, 14, 30, 32, 10, 12, 32, 10, 0, 34, 34, 28, 24, 34, 2, 36, 36, 30, 34, 36, 4, 38, 38, 32, 36, 38, 6, 8, 8, 10, 38, 8 ],
				"width": 127,
				"height": 104
			}
		},
		"dian_01": {
			"dian_01": { "x": -4.48, "y": 0.43, "width": 142, "height": 80 }
		},
		"dian_02": {
			"dian_02": { "x": 3.36, "y": 0.55, "width": 129, "height": 78 }
		},
		"dian_03": {
			"dian_03": { "x": 3.65, "y": 3.44, "rotation": -87.74, "width": 147, "height": 61 }
		},
		"guang_dian": {
			"guang_dian": { "y": 0.02, "width": 28, "height": 28 }
		},
		"guang_quan": {
			"guang_quan": {
				"type": "skinnedmesh",
				"uvs": [ 0.91606, 0.23341, 0.94859, 0.28998, 0.97167, 0.35598, 0.98426, 0.42429, 0.9895, 0.49655, 0.98531, 0.57236, 0.97377, 0.64504, 0.95068, 0.70952, 0.91711, 0.77184, 0.87724, 0.82416, 0.83144, 0.87077, 0.7829, 0.90466, 0.73133, 0.93114, 0.67537, 0.94915, 0.61968, 0.9555, 0.66375, 0.91878, 0.70993, 0.8803, 0.7526, 0.84308, 0.79057, 0.80712, 0.82372, 0.76805, 0.85551, 0.72185, 0.87968, 0.67276, 0.89671, 0.62377, 0.90794, 0.56216, 0.91051, 0.4972, 0.90715, 0.43975, 0.89784, 0.3827, 0.87827, 0.32691, 0.85351, 0.27959, 0.81903, 0.23146, 0.78373, 0.19132, 0.7355, 0.1503, 0.6899, 0.1165, 0.64744, 0.08868, 0.58882, 0.04978, 0.64907, 0.0466, 0.7112, 0.05614, 0.77314, 0.09003, 0.82905, 0.1324, 0.87829, 0.18007, 0.69794, 0.08608, 0.75355, 0.12104, 0.806, 0.16023, 0.85112, 0.20896, 0.88784, 0.25874, 0.91512, 0.31064, 0.93505, 0.37102, 0.94659, 0.42928, 0.95289, 0.49496, 0.94659, 0.56593, 0.93505, 0.6316, 0.91617, 0.68774, 0.88574, 0.74388, 0.85007, 0.7979, 0.80915, 0.8371, 0.76718, 0.87523, 0.72417, 0.90489 ],
				"triangles": [ 55, 17, 54, 16, 17, 55, 11, 55, 10, 56, 16, 55, 56, 55, 11, 15, 16, 56, 12, 56, 11, 56, 14, 15, 13, 56, 12, 13, 14, 56, 19, 20, 52, 53, 19, 52, 53, 52, 8, 18, 19, 53, 9, 53, 8, 54, 18, 53, 17, 18, 54, 9, 10, 54, 9, 54, 53, 55, 54, 10, 51, 22, 50, 51, 50, 6, 21, 22, 51, 7, 51, 6, 51, 20, 21, 52, 51, 7, 52, 20, 51, 8, 52, 7, 49, 24, 48, 23, 24, 49, 49, 48, 4, 5, 49, 4, 50, 23, 49, 22, 23, 50, 50, 49, 5, 6, 50, 5, 26, 27, 46, 46, 45, 2, 44, 0, 1, 45, 44, 1, 27, 28, 44, 45, 27, 44, 45, 1, 2, 27, 45, 46, 48, 47, 3, 25, 47, 48, 48, 3, 4, 24, 25, 48, 46, 2, 3, 47, 46, 3, 26, 46, 47, 25, 26, 47, 43, 39, 0, 44, 43, 0, 42, 38, 39, 43, 42, 39, 30, 42, 43, 29, 30, 43, 28, 43, 44, 29, 43, 28, 42, 41, 38, 40, 35, 36, 34, 35, 40, 33, 34, 40, 40, 36, 37, 32, 33, 40, 41, 40, 37, 32, 40, 41, 41, 37, 38, 31, 32, 41, 31, 41, 42, 30, 31, 42 ],
				"vertices": [ 3, 29, -14.35, 1.12, 1.3E-4, 25, -2.87, -3.47, 0.5, 21, 11.59, -3.82, 0.49986, 1, 21, 4.81, -4.35, 1, 2, 11, 14.1, -3.96, 0.5, 21, -2.42, -3.57, 0.5, 2, 11, 6.88, -4.11, 0.99999, 21, -9.39999, -1.69, 0, 3, 11, -0.62, -3.43, 0.49999, 21, -16.41, 1.04999, 0, 14, -0.79, 3.21, 0.5, 1, 14, 7.07, 3.91, 1, 2, 14, 14.72, 3.79, 0.5, 22, -1.65, 3.13, 0.5, 1, 22, 5.37, 4.33, 1, 4, 11, -27.63, 8.72, 0, 14, 28.62, -0.2, 1.2E-4, 22, 12.75, 4.44999, 0.5, 26, -0.33, 4.25, 0.49987, 2, 14, 34.61, -3.57, 0, 26, 6.52, 4.51, 0.99999, 3, 11, -36.31, 19.27, 0, 26, 13.32, 3.91, 0.5, 30, -0.46, 3.88, 0.5, 3, 11, -38.96, 24.88, 0, 14, 44.31, -12.17, 0, 30, 5.7, 3.31, 1, 3, 11, -40.8, 30.67, 0, 14, 47.81, -17.14, 0, 30, 11.62, 1.93, 1, 2, 14, 50.51, -22.68, 0, 30, 17.32, -0.4, 1, 2, 14, 52, -28.38, 0, 30, 22.23, -3.65, 1, 2, 14, 47.56, -24.34, 0, 30, 16.23, -3.6, 1, 3, 11, -35.21, 32.02, 0, 14, 42.9, -20.12, 0, 30, 9.93999, -3.55, 1, 2, 14, 38.43, -16.24, 0, 30, 4.02, -3.64, 1, 2, 26, 10.97, -3.61, 0.5, 30, -1.43, -3.94, 0.5, 1, 26, 5.62, -3.53, 1, 2, 22, 11.4, -3.73, 0.5, 26, -0.2, -4.04, 0.5, 1, 22, 5.71, -4.04, 1, 3, 11, -12.09, 8.33, 7.0E-5, 14, 13.69, -4.53, 0.5, 22, 0.4, -4.98999, 0.49992, 1, 14, 7.18, -4.28, 1, 2, 11, 0.66, 4.76, 0.5, 14, 0.46, -4.98, 0.5, 2, 11, 6.61, 4.13, 0.99999, 22, -16.79, -13.45, 0, 2, 11, 12.62, 4.13, 0.5, 21, -1.57, 4.61, 0.5, 1, 21, 4.54, 3.96, 1, 2, 25, -2.48, 4.65, 0.5, 21, 10.1, 4.17, 0.5, 1, 25, 3.68, 4.32, 1, 2, 29, -0.26, 4.83, 0.5, 25, 9.25, 4.59, 0.5, 1, 29, 6.29, 3.93, 1, 1, 29, 12.21, 3.51, 1, 1, 29, 17.53, 3.45, 1, 3, 29, 24.89, 3.31, 0.99999, 25, 33.56, 11.27, 0, 21, 43.66, 18.9, 0, 3, 29, 19.71999, -0.33, 0.99999, 25, 29.84, 6.14, 0, 21, 41.23, 13.06, 0, 3, 29, 13.67, -2.98, 0.99967, 25, 24.98, 1.68, 3.0E-4, 21, 37.50999, 7.6, 1.0E-5, 1, 29, 6.29, -3.47, 1, 2, 25, 11.03, -2.96, 0.5, 21, 25.01, -0.12, 0.5, 1, 25, 3.93, -3.87, 1, 1, 29, 13.19, 0.39, 1, 1, 29, 6.31, 0.34, 1, 2, 29, -0.51, 0.85, 0.5, 25, 10.3, 0.73, 0.5, 1, 25, 3.38, 0.23, 1, 2, 25, -3.06, 0.48, 0.5, 21, 10.5, 0, 0.5, 1, 21, 4.39, -0.25, 1, 2, 11, 13.18, 0.08, 0.5, 21, -2.17, 0.56, 0.5, 1, 11, 7.01, -0.12, 1, 2, 11, 0.16, 0.33, 0.5, 14, -0.4, -0.6, 0.5, 1, 14, 6.99, -0.2, 1, 2, 14, 13.92, -0.42, 0.5, 22, -0.87, -1.08, 0.5, 1, 22, 5.17999, 0.06, 1, 2, 22, 11.84, 0.15, 0.5, 26, -0.46, -0.13, 0.5, 1, 26, 6.24, 0.57, 1, 1, 26, 12.12, -0.12, 1, 1, 30, 5, -0.09, 1, 3, 11, -37.98, 30.96, 0, 14, 45.22, -18.27, 0, 30, 10.43999, -0.63, 1 ],
				"hull": 40,
				"edges": [ 68, 70, 70, 72, 72, 74, 74, 76, 76, 78, 0, 78, 0, 2, 2, 4, 4, 6, 6, 8, 8, 10, 10, 12, 12, 14, 14, 16, 16, 18, 18, 20, 20, 22, 22, 24, 24, 26, 26, 28, 32, 34, 42, 44, 44, 46, 46, 48, 48, 50, 50, 52, 52, 54, 54, 56, 40, 42, 38, 40, 34, 36, 36, 38, 28, 30, 30, 32, 56, 58, 58, 60, 60, 62, 62, 64, 64, 66, 66, 68, 68, 80, 80, 82, 82, 84, 84, 86, 86, 88, 88, 90, 90, 92, 92, 94, 94, 96, 96, 98, 98, 100, 100, 102, 102, 104, 104, 106, 106, 108, 108, 110, 110, 112, 112, 28 ],
				"width": 105,
				"height": 104
			}
		},
		"guang_quan2": {
			"guang_quan": {
				"type": "skinnedmesh",
				"uvs": [ 0.91606, 0.23341, 0.94859, 0.28998, 0.97167, 0.35598, 0.98426, 0.42429, 0.9895, 0.49655, 0.98531, 0.57236, 0.97377, 0.64504, 0.95068, 0.70952, 0.91711, 0.77184, 0.87724, 0.82416, 0.83144, 0.87077, 0.7829, 0.90466, 0.73133, 0.93114, 0.67537, 0.94915, 0.61968, 0.9555, 0.66375, 0.91878, 0.70993, 0.8803, 0.7526, 0.84308, 0.79057, 0.80712, 0.82372, 0.76805, 0.85551, 0.72185, 0.87968, 0.67276, 0.89671, 0.62377, 0.90794, 0.56216, 0.91051, 0.4972, 0.90715, 0.43975, 0.89784, 0.3827, 0.87827, 0.32691, 0.85351, 0.27959, 0.81903, 0.23146, 0.78373, 0.19132, 0.7355, 0.1503, 0.6899, 0.1165, 0.64744, 0.08868, 0.58882, 0.04978, 0.64907, 0.0466, 0.7112, 0.05614, 0.77314, 0.09003, 0.82905, 0.1324, 0.87829, 0.18007, 0.69794, 0.08608, 0.75355, 0.12104, 0.806, 0.16023, 0.85112, 0.20896, 0.88784, 0.25874, 0.91512, 0.31064, 0.93505, 0.37102, 0.94659, 0.42928, 0.95289, 0.49496, 0.94659, 0.56593, 0.93505, 0.6316, 0.91617, 0.68774, 0.88574, 0.74388, 0.85007, 0.7979, 0.80915, 0.8371, 0.76718, 0.87523, 0.72417, 0.90489 ],
				"triangles": [ 55, 17, 54, 16, 17, 55, 11, 55, 10, 56, 16, 55, 56, 55, 11, 15, 16, 56, 12, 56, 11, 56, 14, 15, 13, 56, 12, 13, 14, 56, 19, 20, 52, 53, 19, 52, 53, 52, 8, 18, 19, 53, 9, 53, 8, 54, 18, 53, 17, 18, 54, 9, 10, 54, 9, 54, 53, 55, 54, 10, 51, 22, 50, 51, 50, 6, 21, 22, 51, 7, 51, 6, 51, 20, 21, 52, 51, 7, 52, 20, 51, 8, 52, 7, 49, 24, 48, 23, 24, 49, 49, 48, 4, 5, 49, 4, 50, 23, 49, 22, 23, 50, 50, 49, 5, 6, 50, 5, 26, 27, 46, 46, 45, 2, 44, 0, 1, 45, 44, 1, 27, 28, 44, 45, 27, 44, 45, 1, 2, 27, 45, 46, 48, 47, 3, 25, 47, 48, 48, 3, 4, 24, 25, 48, 46, 2, 3, 47, 46, 3, 26, 46, 47, 25, 26, 47, 43, 39, 0, 44, 43, 0, 42, 38, 39, 43, 42, 39, 30, 42, 43, 29, 30, 43, 28, 43, 44, 29, 43, 28, 42, 41, 38, 40, 35, 36, 34, 35, 40, 33, 34, 40, 40, 36, 37, 32, 33, 40, 41, 40, 37, 32, 40, 41, 41, 37, 38, 31, 32, 41, 31, 41, 42, 30, 31, 42 ],
				"vertices": [ 3, 27, -14.35, 1.12, 1.3E-4, 23, -2.87, -3.47, 0.5, 19, 11.59, -3.82, 0.49986, 1, 19, 4.81, -4.35, 1, 2, 12, 14.1, -3.96, 0.5, 19, -2.42, -3.57, 0.5, 2, 12, 6.88, -4.11, 0.99999, 19, -9.39999, -1.69, 0, 3, 12, -0.62, -3.43, 0.49999, 19, -16.41, 1.04999, 0, 13, -0.79, 3.21, 0.5, 1, 13, 7.07, 3.91, 1, 2, 13, 14.72, 3.79, 0.5, 20, -1.65, 3.13, 0.5, 1, 20, 5.37, 4.33, 1, 4, 12, -27.63, 8.72, 0, 13, 28.62, -0.2, 1.2E-4, 20, 12.75, 4.44999, 0.5, 24, -0.33, 4.25, 0.49987, 2, 13, 34.61, -3.57, 0, 24, 6.52, 4.51, 0.99999, 3, 12, -36.31, 19.27, 0, 24, 13.32, 3.91, 0.5, 28, -0.46, 3.88, 0.5, 3, 12, -38.96, 24.88, 0, 13, 44.31, -12.17, 0, 28, 5.7, 3.31, 1, 3, 12, -40.8, 30.67, 0, 13, 47.81, -17.14, 0, 28, 11.62, 1.93, 1, 2, 13, 50.51, -22.68, 0, 28, 17.32, -0.4, 1, 2, 13, 52, -28.38, 0, 28, 22.23, -3.65, 1, 2, 13, 47.56, -24.34, 0, 28, 16.23, -3.6, 1, 3, 12, -35.21, 32.02, 0, 13, 42.9, -20.12, 0, 28, 9.93999, -3.55, 1, 2, 13, 38.43, -16.24, 0, 28, 4.02, -3.64, 1, 2, 24, 10.97, -3.61, 0.5, 28, -1.43, -3.94, 0.5, 1, 24, 5.62, -3.53, 1, 2, 20, 11.4, -3.73, 0.5, 24, -0.2, -4.04, 0.5, 1, 20, 5.71, -4.04, 1, 3, 12, -12.09, 8.33, 7.0E-5, 13, 13.69, -4.53, 0.5, 20, 0.4, -4.98999, 0.49992, 1, 13, 7.18, -4.28, 1, 2, 12, 0.66, 4.76, 0.5, 13, 0.46, -4.98, 0.5, 2, 12, 6.61, 4.13, 0.99999, 20, -16.79, -13.45, 0, 2, 12, 12.62, 4.13, 0.5, 19, -1.57, 4.61, 0.5, 1, 19, 4.54, 3.96, 1, 2, 23, -2.48, 4.65, 0.5, 19, 10.1, 4.17, 0.5, 1, 23, 3.68, 4.32, 1, 2, 27, -0.26, 4.83, 0.5, 23, 9.25, 4.59, 0.5, 1, 27, 6.29, 3.93, 1, 1, 27, 12.21, 3.51, 1, 1, 27, 17.53, 3.45, 1, 3, 27, 24.89, 3.31, 0.99999, 23, 33.56, 11.27, 0, 19, 43.66, 18.9, 0, 3, 27, 19.71999, -0.33, 0.99999, 23, 29.84, 6.14, 0, 19, 41.23, 13.06, 0, 3, 27, 13.67, -2.98, 0.99967, 23, 24.98, 1.68, 3.0E-4, 19, 37.50999, 7.6, 1.0E-5, 1, 27, 6.29, -3.47, 1, 2, 23, 11.03, -2.96, 0.5, 19, 25.01, -0.12, 0.5, 1, 23, 3.93, -3.87, 1, 1, 27, 13.19, 0.39, 1, 1, 27, 6.31, 0.34, 1, 2, 27, -0.51, 0.85, 0.5, 23, 10.3, 0.73, 0.5, 1, 23, 3.38, 0.23, 1, 2, 23, -3.06, 0.48, 0.5, 19, 10.5, 0, 0.5, 1, 19, 4.39, -0.25, 1, 2, 12, 13.18, 0.08, 0.5, 19, -2.17, 0.56, 0.5, 1, 12, 7.01, -0.12, 1, 2, 12, 0.16, 0.33, 0.5, 13, -0.4, -0.6, 0.5, 1, 13, 6.99, -0.2, 1, 2, 13, 13.92, -0.42, 0.5, 20, -0.87, -1.08, 0.5, 1, 20, 5.17999, 0.06, 1, 2, 20, 11.84, 0.15, 0.5, 24, -0.46, -0.13, 0.5, 1, 24, 6.24, 0.57, 1, 1, 24, 12.12, -0.12, 1, 1, 28, 5, -0.09, 1, 3, 12, -37.98, 30.96, 0, 13, 45.22, -18.27, 0, 28, 10.43999, -0.63, 1 ],
				"hull": 40,
				"edges": [ 68, 70, 70, 72, 72, 74, 74, 76, 76, 78, 0, 78, 0, 2, 2, 4, 4, 6, 6, 8, 8, 10, 10, 12, 12, 14, 14, 16, 16, 18, 18, 20, 20, 22, 22, 24, 24, 26, 26, 28, 32, 34, 42, 44, 44, 46, 46, 48, 48, 50, 50, 52, 52, 54, 54, 56, 40, 42, 38, 40, 34, 36, 36, 38, 28, 30, 30, 32, 56, 58, 58, 60, 60, 62, 62, 64, 64, 66, 66, 68, 68, 80, 80, 82, 82, 84, 84, 86, 86, 88, 88, 90, 90, 92, 92, 94, 94, 96, 96, 98, 98, 100, 100, 102, 102, 104, 104, 106, 106, 108, 108, 110, 110, 112, 112, 28 ],
				"width": 105,
				"height": 104
			}
		},
		"guang_xian_1": {
			"guang_xian_1": { "x": 20.99, "y": -0.2, "rotation": -179.54, "width": 73, "height": 7 }
		},
		"guang_xian_2": {
			"guang_xian_2": { "x": 17.62, "y": 0.09, "rotation": -0.9, "width": 73, "height": 7 }
		},
		"guang_xian_3": {
			"guang_xian_1": { "x": 20.99, "y": -0.2, "rotation": -179.54, "width": 73, "height": 7 }
		},
		"guang_xian_4": {
			"guang_xian_2": { "x": 17.62, "y": 0.09, "rotation": -0.9, "width": 73, "height": 7 }
		}
	}
},
"animations": {
	"default": {
		"slots": {
			"bai": {
				"color": [
					{ "time": 0, "color": "ffffff00", "curve": "stepped" },
					{ "time": 0.6666, "color": "ffffff00" },
					{ "time": 1.1666, "color": "ffffff32" },
					{ "time": 1.6666, "color": "ffffff00" }
				]
			},
			"baiguang": {
				"color": [
					{ "time": 0, "color": "ffffff00", "curve": "stepped" },
					{ "time": 0.1, "color": "ffffff00" },
					{ "time": 0.1666, "color": "ffffff86", "curve": "stepped" },
					{ "time": 1.1, "color": "ffffff86" },
					{ "time": 1.2666, "color": "ffffff00" }
				]
			},
			"dian_01": {
				"color": [
					{ "time": 0, "color": "ffffff00" },
					{ "time": 0.3333, "color": "ffffffff" },
					{ "time": 1.5, "color": "ffffff00" }
				]
			},
			"dian_02": {
				"color": [
					{ "time": 0, "color": "ffffffff" },
					{ "time": 1.8666, "color": "ffffff00" }
				]
			},
			"dian_03": {
				"color": [
					{ "time": 0, "color": "ffffff00" },
					{ "time": 1, "color": "ffffffff", "curve": "stepped" },
					{ "time": 1.8333, "color": "ffffffff" },
					{ "time": 2.3333, "color": "ffffff00" }
				]
			},
			"guang_dian": {
				"color": [
					{ "time": 0.8333, "color": "ffffffff", "curve": "stepped" },
					{ "time": 1.6666, "color": "ffffffff" },
					{ "time": 2, "color": "ffffff00" }
				]
			},
			"guang_quan": {
				"color": [
					{ "time": 0, "color": "ffffff00", "curve": "stepped" },
					{ "time": 0.5, "color": "ffffff00" },
					{ "time": 0.5666, "color": "ffffffff", "curve": "stepped" },
					{ "time": 1, "color": "ffffffff", "curve": "stepped" },
					{ "time": 1.1, "color": "ffffffff" },
					{ "time": 1.1333, "color": "ffffff00" }
				]
			},
			"guang_quan2": {
				"color": [
					{ "time": 0, "color": "ffffff00", "curve": "stepped" },
					{ "time": 1.4666, "color": "ffffff00" },
					{ "time": 1.5, "color": "ffffffff", "curve": "stepped" },
					{ "time": 1.9666, "color": "ffffffff", "curve": "stepped" },
					{ "time": 2, "color": "ffffffff" },
					{ "time": 2.0666, "color": "ffffff00" }
				]
			},
			"guang_xian_1": {
				"color": [
					{ "time": 0, "color": "ffffff00", "curve": "stepped" },
					{ "time": 0.2333, "color": "ffffff00" },
					{ "time": 0.2666, "color": "ffffffff", "curve": "stepped" },
					{ "time": 0.5333, "color": "ffffffff" },
					{ "time": 0.5666, "color": "ffffff00" }
				]
			},
			"guang_xian_2": {
				"color": [
					{ "time": 0, "color": "ffffff00", "curve": "stepped" },
					{ "time": 0.1666, "color": "ffffff00" },
					{ "time": 0.2333, "color": "ffffffff", "curve": "stepped" },
					{ "time": 0.4666, "color": "ffffffff" },
					{ "time": 0.5, "color": "ffffff2b" },
					{ "time": 0.5333, "color": "ffffff00" }
				]
			},
			"guang_xian_3": {
				"color": [
					{ "time": 0, "color": "ffffff00", "curve": "stepped" },
					{ "time": 1, "color": "ffffff00", "curve": "stepped" },
					{ "time": 1.1, "color": "ffffff00" },
					{ "time": 1.1333, "color": "ffffffff", "curve": "stepped" },
					{ "time": 1.4666, "color": "ffffffff" },
					{ "time": 1.5333, "color": "ffffff00" }
				]
			},
			"guang_xian_4": {
				"color": [
					{ "time": 0, "color": "ffffff00", "curve": "stepped" },
					{ "time": 1, "color": "ffffff00", "curve": "stepped" },
					{ "time": 1.1333, "color": "ffffff00" },
					{ "time": 1.2, "color": "ffffffff", "curve": "stepped" },
					{ "time": 1.5333, "color": "ffffffff" },
					{ "time": 1.6, "color": "ffffff00" }
				]
			}
		},
		"bones": {
			"baiguang": {
				"rotate": [
					{ "time": 0, "angle": 0 }
				],
				"translate": [
					{ "time": 0, "x": -21.54, "y": 0 },
					{ "time": 1.5, "x": 378.41, "y": 0 }
				],
				"scale": [
					{ "time": 0, "x": 1, "y": 0.757, "curve": "stepped" },
					{ "time": 0.2666, "x": 1, "y": 0.757 },
					{ "time": 0.4333, "x": 1, "y": 1, "curve": "stepped" },
					{ "time": 1, "x": 1, "y": 1 },
					{ "time": 1.1666, "x": 1, "y": 0.802 }
				]
			},
			"dian_01": {
				"rotate": [
					{ "time": 0.3333, "angle": 0 }
				],
				"translate": [
					{ "time": 0, "x": 0, "y": -5.43 },
					{ "time": 0.4333, "x": 6.19, "y": -3.61 },
					{ "time": 0.8333, "x": 6.99, "y": -0.19 },
					{ "time": 1.3333, "x": 0, "y": 8.54 },
					{ "time": 1.6666, "x": 8.15, "y": 8.54 }
				],
				"scale": [
					{ "time": 0, "x": 1, "y": 1 },
					{ "time": 1, "x": 0.94, "y": 0.94 },
					{ "time": 1.6666, "x": 0.744, "y": 0.744 }
				]
			},
			"dian_03": {
				"translate": [
					{ "time": 0, "x": 0, "y": -17.86 },
					{ "time": 0.5, "x": -4.66, "y": -12.45 },
					{ "time": 1.1666, "x": -8.15, "y": 1.1 },
					{ "time": 1.6666, "x": -8.54, "y": 9.56 },
					{ "time": 2.3333, "x": 0, "y": 19.03 }
				],
				"scale": [
					{ "time": 0, "x": 1, "y": 1 },
					{ "time": 2.3333, "x": 0.876, "y": 1 }
				]
			},
			"dian_02": {
				"rotate": [
					{ "time": 0, "angle": 0 }
				],
				"translate": [
					{ "time": 0, "x": 0, "y": 0 },
					{ "time": 0.5, "x": -4.46, "y": 0.97 },
					{ "time": 1, "x": -7.38, "y": 5.82 },
					{ "time": 1.6666, "x": -3.49, "y": 10.1 }
				],
				"scale": [
					{ "time": 0, "x": 1, "y": 1 },
					{ "time": 1.5333, "x": 0.771, "y": 0.771 }
				]
			},
			"guang_dian": {
				"rotate": [
					{ "time": 0.8333, "angle": 0 },
					{ "time": 1.1666, "angle": -179.99 },
					{ "time": 1.5, "angle": 1.02 },
					{ "time": 1.8333, "angle": -179.22 },
					{ "time": 2, "angle": 90.32 }
				],
				"translate": [
					{ "time": 0, "x": -98.04, "y": 85.23, "curve": "stepped" },
					{ "time": 0.8333, "x": -98.04, "y": 85.23 },
					{ "time": 1.6666, "x": 75.83, "y": 85.23 },
					{ "time": 1.8333, "x": 93.97, "y": 78.09 },
					{ "time": 2, "x": 106.16, "y": 65.6 }
				],
				"scale": [
					{ "time": 0, "x": 0.263, "y": 0.263, "curve": "stepped" },
					{ "time": 0.8333, "x": 0.263, "y": 0.263 },
					{ "time": 1.2666, "x": 1, "y": 1, "curve": "stepped" },
					{ "time": 1.6666, "x": 1, "y": 1 },
					{ "time": 2, "x": 0.366, "y": 0.366 }
				]
			},
			"guang_xian_01": {
				"translate": [
					{ "time": 0, "x": -179.17, "y": 0 },
					{ "time": 0.6666, "x": 195.71, "y": 0 }
				]
			},
			"guang_quan_01": {
				"rotate": [
					{ "time": 0, "angle": 90, "curve": "stepped" },
					{ "time": 0.5, "angle": 90 },
					{ "time": 0.7333, "angle": 30.49 },
					{ "time": 1, "angle": -29 },
					{ "time": 1.1666, "angle": 280 }
				],
				"translate": [
					{ "time": 0, "x": 0, "y": -4.07, "curve": "stepped" },
					{ "time": 0.5, "x": 0, "y": -4.07 },
					{ "time": 0.7333, "x": 0, "y": 0, "curve": "stepped" },
					{ "time": 1, "x": 0, "y": 0 }
				],
				"scale": [
					{ "time": 0, "x": 1, "y": 1, "curve": "stepped" },
					{ "time": 0.5, "x": 1, "y": 1, "curve": "stepped" },
					{ "time": 0.7333, "x": 1, "y": 1, "curve": "stepped" },
					{ "time": 1, "x": 1, "y": 1 }
				]
			},
			"guang_xian_02": {
				"translate": [
					{ "time": 0, "x": 204.69, "y": 0, "curve": "stepped" },
					{ "time": 1, "x": 204.69, "y": 0 },
					{ "time": 1.6666, "x": -168.48, "y": 0 }
				]
			},
			"guang_quan_02": {
				"rotate": [
					{ "time": 0, "angle": 77.17, "curve": "stepped" },
					{ "time": 1.5, "angle": 77.17 },
					{ "time": 1.9666, "angle": -39.84 },
					{ "time": 2.1666, "angle": -90 }
				],
				"translate": [
					{ "time": 0, "x": 0, "y": 1.63, "curve": "stepped" },
					{ "time": 1.5, "x": 0, "y": 1.63 },
					{ "time": 1.5666, "x": 0, "y": 0, "curve": "stepped" },
					{ "time": 1.9666, "x": 0, "y": 0, "curve": "stepped" },
					{ "time": 2.0666, "x": 0, "y": 0 },
					{ "time": 2.1666, "x": 0, "y": -1.63 }
				],
				"scale": [
					{ "time": 0, "x": 1, "y": 1, "curve": "stepped" },
					{ "time": 1.5, "x": 1, "y": 1, "curve": "stepped" },
					{ "time": 1.9666, "x": 1, "y": 1 }
				]
			},
			"guang_xian_5": {
				"rotate": [
					{ "time": 1.4666, "angle": 0 }
				],
				"translate": [
					{ "time": 1.4666, "x": 0, "y": 0, "curve": "stepped" },
					{ "time": 1.5, "x": 0, "y": 0 }
				],
				"scale": [
					{ "time": 1.4666, "x": 1, "y": 1 },
					{ "time": 1.5, "x": 0.563, "y": 1 },
					{ "time": 1.5333, "x": 1, "y": 1 }
				]
			},
			"guang_xian_6": {
				"rotate": [
					{ "time": 1.5333, "angle": 0 }
				],
				"translate": [
					{ "time": 1.5333, "x": 0, "y": 0 }
				],
				"scale": [
					{ "time": 1.1333, "x": 1, "y": 1 },
					{ "time": 1.1666, "x": 0.524, "y": 1 },
					{ "time": 1.2, "x": 0.714, "y": 1 },
					{ "time": 1.2333, "x": 1, "y": 1, "curve": "stepped" },
					{ "time": 1.5333, "x": 1, "y": 1 },
					{ "time": 1.5666, "x": 0.383, "y": 1 },
					{ "time": 1.6, "x": 1, "y": 1 }
				]
			},
			"guang_quan16": {
				"rotate": [
					{ "time": 0, "angle": 0, "curve": "stepped" },
					{ "time": 1.5, "angle": 0, "curve": "stepped" },
					{ "time": 1.9666, "angle": 0 },
					{ "time": 2.0333, "angle": 6.17 }
				],
				"translate": [
					{ "time": 0, "x": 0, "y": 0, "curve": "stepped" },
					{ "time": 1.5, "x": 0, "y": 0, "curve": "stepped" },
					{ "time": 1.9666, "x": 0, "y": 0 }
				],
				"scale": [
					{ "time": 0, "x": 1, "y": 1, "curve": "stepped" },
					{ "time": 1.5, "x": 1, "y": 1, "curve": "stepped" },
					{ "time": 1.9666, "x": 1, "y": 1 }
				]
			},
			"guang_quan8": {
				"rotate": [
					{ "time": 0, "angle": 0, "curve": "stepped" },
					{ "time": 0.5, "angle": 0, "curve": "stepped" },
					{ "time": 0.7333, "angle": 0 },
					{ "time": 1, "angle": -5.13 },
					{ "time": 1.0666, "angle": 8.36 }
				],
				"translate": [
					{ "time": 0, "x": 0, "y": 0, "curve": "stepped" },
					{ "time": 0.5, "x": 0, "y": 0, "curve": "stepped" },
					{ "time": 0.7333, "x": 0, "y": 0, "curve": "stepped" },
					{ "time": 1, "x": 0, "y": 0 },
					{ "time": 1.0666, "x": 0, "y": 0.32 }
				],
				"scale": [
					{ "time": 0, "x": 1, "y": 1, "curve": "stepped" },
					{ "time": 0.5, "x": 1, "y": 1, "curve": "stepped" },
					{ "time": 0.7333, "x": 1, "y": 1, "curve": "stepped" },
					{ "time": 1, "x": 1, "y": 1 }
				]
			},
			"bone": {
				"rotate": [
					{ "time": 0, "angle": 0, "curve": "stepped" },
					{ "time": 0.5, "angle": 0 },
					{ "time": 0.5333, "angle": -1.4 },
					{ "time": 0.5666, "angle": 2.43 },
					{ "time": 0.6, "angle": 5.37 },
					{ "time": 0.6666, "angle": 6.21 },
					{ "time": 0.7, "angle": 4.87 },
					{ "time": 0.7333, "angle": 3.11 },
					{ "time": 1, "angle": 0 }
				],
				"translate": [
					{ "time": 0, "x": 0, "y": 0, "curve": "stepped" },
					{ "time": 0.5, "x": 0, "y": 0, "curve": "stepped" },
					{ "time": 0.7333, "x": 0, "y": 0, "curve": "stepped" },
					{ "time": 1, "x": 0, "y": 0 }
				],
				"scale": [
					{ "time": 0, "x": 1, "y": 1, "curve": "stepped" },
					{ "time": 0.5, "x": 1, "y": 1, "curve": "stepped" },
					{ "time": 0.7333, "x": 1, "y": 1, "curve": "stepped" },
					{ "time": 1, "x": 1, "y": 1 }
				]
			},
			"guang_quan5": {
				"rotate": [
					{ "time": 0, "angle": 0, "curve": "stepped" },
					{ "time": 0.5, "angle": 0, "curve": "stepped" },
					{ "time": 0.7333, "angle": 0, "curve": "stepped" },
					{ "time": 1, "angle": 0 },
					{ "time": 1.1, "angle": -5.36 }
				],
				"translate": [
					{ "time": 0, "x": 0, "y": 0, "curve": "stepped" },
					{ "time": 0.5, "x": 0, "y": 0, "curve": "stepped" },
					{ "time": 0.7333, "x": 0, "y": 0, "curve": "stepped" },
					{ "time": 1, "x": 0, "y": 0 }
				],
				"scale": [
					{ "time": 0, "x": 1, "y": 1, "curve": "stepped" },
					{ "time": 0.5, "x": 1, "y": 1, "curve": "stepped" },
					{ "time": 0.7333, "x": 1, "y": 1, "curve": "stepped" },
					{ "time": 1, "x": 1, "y": 1 }
				]
			},
			"guang_quan2": {
				"rotate": [
					{ "time": 0, "angle": 0, "curve": "stepped" },
					{ "time": 0.5, "angle": 0 },
					{ "time": 0.5333, "angle": -11.86 },
					{ "time": 0.5666, "angle": -9.87 },
					{ "time": 0.6333, "angle": -2.6 },
					{ "time": 0.6666, "angle": -2.66 },
					{ "time": 0.7, "angle": 0.44 },
					{ "time": 0.7333, "angle": 0, "curve": "stepped" },
					{ "time": 1, "angle": 0 }
				],
				"translate": [
					{ "time": 0, "x": 0, "y": 0, "curve": "stepped" },
					{ "time": 0.5, "x": 0, "y": 0, "curve": "stepped" },
					{ "time": 0.7333, "x": 0, "y": 0, "curve": "stepped" },
					{ "time": 1, "x": 0, "y": 0 }
				],
				"scale": [
					{ "time": 0, "x": 1, "y": 1, "curve": "stepped" },
					{ "time": 0.5, "x": 1, "y": 1, "curve": "stepped" },
					{ "time": 0.7333, "x": 1, "y": 1, "curve": "stepped" },
					{ "time": 1, "x": 1, "y": 1 }
				]
			},
			"guang_quan6": {
				"rotate": [
					{ "time": 0, "angle": 0, "curve": "stepped" },
					{ "time": 0.5, "angle": 0, "curve": "stepped" },
					{ "time": 0.7333, "angle": 0, "curve": "stepped" },
					{ "time": 1, "angle": 0 },
					{ "time": 1.0333, "angle": -3.18 },
					{ "time": 1.0666, "angle": -2.91 },
					{ "time": 1.1, "angle": 4.29 }
				],
				"translate": [
					{ "time": 0, "x": 0, "y": 0, "curve": "stepped" },
					{ "time": 0.5, "x": 0, "y": 0, "curve": "stepped" },
					{ "time": 0.7333, "x": 0, "y": 0, "curve": "stepped" },
					{ "time": 1, "x": 0, "y": 0 },
					{ "time": 1.1, "x": -0.24, "y": -0.59 }
				],
				"scale": [
					{ "time": 0, "x": 1, "y": 1, "curve": "stepped" },
					{ "time": 0.5, "x": 1, "y": 1, "curve": "stepped" },
					{ "time": 0.7333, "x": 1, "y": 1, "curve": "stepped" },
					{ "time": 1, "x": 1, "y": 1 }
				]
			},
			"guang_quan3": {
				"rotate": [
					{ "time": 0, "angle": 0, "curve": "stepped" },
					{ "time": 0.5, "angle": 0 },
					{ "time": 0.5333, "angle": -14.1 },
					{ "time": 0.5666, "angle": -14.78 },
					{ "time": 0.7333, "angle": 0, "curve": "stepped" },
					{ "time": 1, "angle": 0 }
				],
				"translate": [
					{ "time": 0, "x": 0, "y": 0, "curve": "stepped" },
					{ "time": 0.5, "x": 0, "y": 0 },
					{ "time": 0.5666, "x": -0.01, "y": -0.52 },
					{ "time": 0.7333, "x": 0, "y": 0, "curve": "stepped" },
					{ "time": 1, "x": 0, "y": 0 }
				],
				"scale": [
					{ "time": 0, "x": 1, "y": 1, "curve": "stepped" },
					{ "time": 0.5, "x": 1, "y": 1, "curve": "stepped" },
					{ "time": 0.7333, "x": 1, "y": 1, "curve": "stepped" },
					{ "time": 1, "x": 1, "y": 1 }
				]
			},
			"guang_quan7": {
				"rotate": [
					{ "time": 0, "angle": 0, "curve": "stepped" },
					{ "time": 0.5, "angle": 0, "curve": "stepped" },
					{ "time": 0.7333, "angle": 0 },
					{ "time": 1, "angle": -3.94 },
					{ "time": 1.0666, "angle": 7.95 }
				],
				"translate": [
					{ "time": 0, "x": 0, "y": 0, "curve": "stepped" },
					{ "time": 0.5, "x": 0, "y": 0, "curve": "stepped" },
					{ "time": 0.7333, "x": 0, "y": 0, "curve": "stepped" },
					{ "time": 1, "x": 0, "y": 0 }
				],
				"scale": [
					{ "time": 0, "x": 1, "y": 1, "curve": "stepped" },
					{ "time": 0.5, "x": 1, "y": 1, "curve": "stepped" },
					{ "time": 0.7333, "x": 1, "y": 1, "curve": "stepped" },
					{ "time": 1, "x": 1, "y": 1 }
				]
			},
			"guang_quan4": {
				"rotate": [
					{ "time": 0, "angle": 0, "curve": "stepped" },
					{ "time": 0.5, "angle": 0 },
					{ "time": 0.5333, "angle": -16.7 },
					{ "time": 0.7333, "angle": 0, "curve": "stepped" },
					{ "time": 1, "angle": 0 }
				],
				"translate": [
					{ "time": 0, "x": 0, "y": 0, "curve": "stepped" },
					{ "time": 0.5, "x": 0, "y": 0, "curve": "stepped" },
					{ "time": 0.7333, "x": 0, "y": 0, "curve": "stepped" },
					{ "time": 1, "x": 0, "y": 0 }
				],
				"scale": [
					{ "time": 0, "x": 1, "y": 1, "curve": "stepped" },
					{ "time": 0.5, "x": 1, "y": 1, "curve": "stepped" },
					{ "time": 0.7333, "x": 1, "y": 1, "curve": "stepped" },
					{ "time": 1, "x": 1, "y": 1 }
				]
			},
			"bone2": {
				"rotate": [
					{ "time": 0, "angle": 0, "curve": "stepped" },
					{ "time": 1.4666, "angle": 0 },
					{ "time": 1.5, "angle": 4.04 },
					{ "time": 1.5333, "angle": 7.74 },
					{ "time": 1.6333, "angle": 4.62 },
					{ "time": 1.7333, "angle": 0.2 },
					{ "time": 1.9666, "angle": 0 }
				],
				"translate": [
					{ "time": 0, "x": 0, "y": 0, "curve": "stepped" },
					{ "time": 1.4666, "x": 0, "y": 0 },
					{ "time": 1.5, "x": -0.46, "y": -0.1 },
					{ "time": 1.9666, "x": 0, "y": 0 }
				],
				"scale": [
					{ "time": 0, "x": 1, "y": 1, "curve": "stepped" },
					{ "time": 1.4666, "x": 1, "y": 1, "curve": "stepped" },
					{ "time": 1.5, "x": 1, "y": 1, "curve": "stepped" },
					{ "time": 1.9666, "x": 1, "y": 1 }
				]
			},
			"guang_quan13": {
				"rotate": [
					{ "time": 0, "angle": 0, "curve": "stepped" },
					{ "time": 1.5, "angle": 0 },
					{ "time": 1.7333, "angle": -1.56 },
					{ "time": 1.9, "angle": -0.44 },
					{ "time": 1.9333, "angle": -2.62 },
					{ "time": 1.9666, "angle": -3.75 },
					{ "time": 2.0333, "angle": -6.49 }
				],
				"translate": [
					{ "time": 0, "x": 0, "y": 0, "curve": "stepped" },
					{ "time": 1.5, "x": 0, "y": 0, "curve": "stepped" },
					{ "time": 1.9, "x": 0, "y": 0, "curve": "stepped" },
					{ "time": 1.9666, "x": 0, "y": 0 }
				],
				"scale": [
					{ "time": 0, "x": 1, "y": 1, "curve": "stepped" },
					{ "time": 1.5, "x": 1, "y": 1, "curve": "stepped" },
					{ "time": 1.9666, "x": 1, "y": 1, "curve": "stepped" },
					{ "time": 2, "x": 1, "y": 1 }
				]
			},
			"guang_quan10": {
				"rotate": [
					{ "time": 0, "angle": 0, "curve": "stepped" },
					{ "time": 1.4666, "angle": 0 },
					{ "time": 1.5, "angle": -9.21 },
					{ "time": 1.5333, "angle": -5.15 },
					{ "time": 1.5666, "angle": 3.05 },
					{ "time": 1.6, "angle": 5.42 },
					{ "time": 1.6333, "angle": 7.59 },
					{ "time": 1.7333, "angle": 4.04 },
					{ "time": 1.9666, "angle": 0 }
				],
				"translate": [
					{ "time": 0, "x": 0, "y": 0, "curve": "stepped" },
					{ "time": 1.4666, "x": 0, "y": 0 },
					{ "time": 1.5, "x": 0, "y": -0.86 },
					{ "time": 1.9666, "x": 0, "y": 0 }
				],
				"scale": [
					{ "time": 0, "x": 1, "y": 1, "curve": "stepped" },
					{ "time": 1.4666, "x": 1, "y": 1, "curve": "stepped" },
					{ "time": 1.5, "x": 1, "y": 1, "curve": "stepped" },
					{ "time": 1.9666, "x": 1, "y": 1 }
				]
			},
			"guang_quan14": {
				"rotate": [
					{ "time": 0, "angle": 0, "curve": "stepped" },
					{ "time": 1.5, "angle": 0, "curve": "stepped" },
					{ "time": 1.9666, "angle": 0 },
					{ "time": 2.0333, "angle": 1.8 }
				],
				"translate": [
					{ "time": 0, "x": 0, "y": 0, "curve": "stepped" },
					{ "time": 1.5, "x": 0, "y": 0, "curve": "stepped" },
					{ "time": 1.9666, "x": 0, "y": 0 }
				],
				"scale": [
					{ "time": 0, "x": 1, "y": 1, "curve": "stepped" },
					{ "time": 1.5, "x": 1, "y": 1, "curve": "stepped" },
					{ "time": 1.9666, "x": 1, "y": 1, "curve": "stepped" },
					{ "time": 2, "x": 1, "y": 1 }
				]
			},
			"guang_quan11": {
				"rotate": [
					{ "time": 0, "angle": 0, "curve": "stepped" },
					{ "time": 1.4666, "angle": 0 },
					{ "time": 1.5, "angle": -18.48 },
					{ "time": 1.6333, "angle": -6.57 },
					{ "time": 1.9666, "angle": 0 }
				],
				"translate": [
					{ "time": 0, "x": 0, "y": 0, "curve": "stepped" },
					{ "time": 1.4666, "x": 0, "y": 0 },
					{ "time": 1.5, "x": -0.22, "y": -1.9 },
					{ "time": 1.9666, "x": 0, "y": 0 }
				],
				"scale": [
					{ "time": 0, "x": 1, "y": 1, "curve": "stepped" },
					{ "time": 1.4666, "x": 1, "y": 1, "curve": "stepped" },
					{ "time": 1.5, "x": 1, "y": 1, "curve": "stepped" },
					{ "time": 1.9666, "x": 1, "y": 1 }
				]
			},
			"guang_quan15": {
				"rotate": [
					{ "time": 0, "angle": 0, "curve": "stepped" },
					{ "time": 1.5, "angle": 0, "curve": "stepped" },
					{ "time": 1.9666, "angle": 0 },
					{ "time": 2.0333, "angle": 9.2 }
				],
				"translate": [
					{ "time": 0, "x": 0, "y": 0, "curve": "stepped" },
					{ "time": 1.5, "x": 0, "y": 0, "curve": "stepped" },
					{ "time": 1.9666, "x": 0, "y": 0 }
				],
				"scale": [
					{ "time": 0, "x": 1, "y": 1, "curve": "stepped" },
					{ "time": 1.5, "x": 1, "y": 1, "curve": "stepped" },
					{ "time": 1.9666, "x": 1, "y": 1 }
				]
			},
			"guang_quan12": {
				"rotate": [
					{ "time": 0, "angle": 0, "curve": "stepped" },
					{ "time": 1.4666, "angle": 0 },
					{ "time": 1.5, "angle": -8.88 },
					{ "time": 1.5333, "angle": -17.85 },
					{ "time": 1.9666, "angle": 0 }
				],
				"translate": [
					{ "time": 0, "x": 0, "y": 0, "curve": "stepped" },
					{ "time": 1.4666, "x": 0, "y": 0 },
					{ "time": 1.5, "x": -0.21, "y": -2.29 },
					{ "time": 1.5333, "x": -0.17, "y": -1.65 },
					{ "time": 1.9666, "x": 0, "y": 0 }
				],
				"scale": [
					{ "time": 0, "x": 1, "y": 1, "curve": "stepped" },
					{ "time": 1.4666, "x": 1, "y": 1, "curve": "stepped" },
					{ "time": 1.5, "x": 1, "y": 1, "curve": "stepped" },
					{ "time": 1.9666, "x": 1, "y": 1 }
				]
			}
		},
		"ffd": {
			"default": {
				"baiguang": {
					"baiguang": [
						{
							"time": 0.1,
							"offset": 4,
							"vertices": [ -0.51015, 16.31735, -1.15059, 36.80124, -1.57388, 50.34018, -6.59769, 77.63598, -13.07515, 84.73135, -7.0097, 57.46682, -1.60627, 40.25981, 0.30335, 34.75958, 9.27611, 36.77713, 1.68127, 35.14994, -0.29306, 9.37335, 0, 0, -1.03114, 32.98047, -1.25908, 40.27098, -1.80182, 57.63054, -0.29306, 9.37335, -0.29306, 9.37335, -0.80322, 25.6907 ]
						},
						{
							"time": 0.2,
							"offset": 4,
							"vertices": [ -0.20406, 6.52694, -0.46023, 14.72049, -0.62955, 20.13607, -14.10726, 31.03884, -29.59867, 35.6371, -16.74588, 24.70407, -7.27173, 17.20579, 1.1195, 15.7791, 7.8442, 16.25658, 2.76654, 13.68754, -0.11722, 3.74934, 0, 0, -0.41245, 13.19218, -0.50363, 16.10839, -10.7893, 22.63623, -0.11722, 3.74934, -0.11722, 3.74934, -0.32128, 10.27628 ]
						},
						{
							"time": 0.2666,
							"offset": 10,
							"vertices": [ -7.8445, 8.38938, -27.39589, 12.16873, -13.6817, 5.39733, 0, 0, 0, 0, 0, 0, 0, 0, 0, 0, 0, 0, 0, 0, 0, 0, -12.58588, 3.14965 ]
						},
						{ "time": 0.4333, "curve": "stepped" },
						{ "time": 0.9333 },
						{
							"time": 1.2666,
							"vertices": [ 11.51182, -14.39086, 0, 0, 0, 0, -1.99632, -3.27302, 0, 0, 0, 0, 0, 0, 0, 0, 0, 0, 0, 0, 0, 0, 0.05427, -1.9987, 4.83949, -37.43968, 11.09981, -37.61374, 0, 0, 0, 0, 0, 0, 6.20622, -10.98059 ]
						},
						{
							"time": 1.4333,
							"vertices": [ 19.20449, -30.1102, 7.39972, -17.89524, 0.98748, -11.65072, -7.09553, -21.65477, 0.05442, -16.01622, 0, 0, 0, 0, 0, 0, 0, 0, 0, 0, 0, 0, 7.46472, -6.47245, 17.05639, -39.56167, 31.1178, -45.92592, 2.78837, -0.32443, 0, 0, 0, 0, 15.24424, -24.91549, 4.81745, -11.9345 ]
						}
					]
				},
				"guang_quan": {
					"guang_quan": [
						{ "time": 0.4666 },
						{
							"time": 0.5333,
							"vertices": [ -0.04496, -0.49408, -0.02635, -0.49543, -0.03338, -0.49499, 0.01665, 0.24747, 0, 0, 0, 0, -0.003, 0.33071, 0.02223, 0.32998, 0, 0, 0, 0, 0, 0, -0.19014, 0.63361, 0, 0, 0, 0, 0, 0, 0, 0, 0, 0, 0, 0, 0, 0, 0, 0, 0, 0, 0, 0, 0, 0, 0, 0, 0, 0, 0, 0, 0, 0, 0, 0, 0, 0, 0, 0, 0, 0, 0, 0, 0, 0, 0, 0, 0, 0, 0, 0, 0, 0, 0, 0, 0, 0, 0, 0, 0, 0, 0, 0, 0, 0, 0, 0, 0, 0, 0, 0, 0, 0, 0, 0, 0, 0, 0, 0, 0.00791, 0.26137, 0, 0, 0, 0, 0, 0, 0, 0, 0.00296, -0.33071, -0.02224, -0.32999, -0.02226, -0.33, -0.03079, -0.57803, -0.03897, -0.5775, -0.03074, -0.57802, -0.10493, -1.15286, -0.06148, -1.15601, -0.03752, -0.41173, -0.03752, -0.41173, -0.05996, -0.65877, -0.05283, -2.40303, 0.03761, -2.40337, 0.00346, -2.40364, -1.19792, -1.30248, -1.1481, -1.34661, -1.16711, -1.33018, 0, 0, 0, 0, 0, 0, 0, 0, -0.10987, -2.06429, -0.13918, -2.06249, 0, 0, 0, 0, 0, 0, -0.03752, -0.41174, -0.02198, -0.41289, -0.01757, -0.33029, -0.02637, -0.49542, -0.0334, -0.49499, -0.02224, -0.32999, 0.00517, -0.57877, -0.03894, -0.57751, 0, 0, 0, 0, 0, 0, -0.09508, 0.3168 ]
						},
						{
							"time": 0.5666,
							"vertices": [ -0.04496, -0.49408, -0.02635, -0.49543, -0.03338, -0.49499, 0.01665, 0.24747, 0, 0, 0, 0, -0.003, 0.33071, 0.02223, 0.32998, 0, 0, 0, 0, 0, 0, -0.34424, 0.37831, 0, 0, 0, 0, 0, 0, 0, 0, 0, 0, 0, 0, 0, 0, 0, 0, 0, 0, 0, 0, 0, 0, 0, 0, 0, 0, 0, 0, 0, 0, 0, 0, 0, 0, 0, 0, 0, 0, 0, 0, 0, 0, 0, 0, 0, 0, 0, 0, 0, 0, 0, 0, 0, 0, 0, 0, 0, 0, 0, 0, 0, 0, 0, 0, 0, 0, 0, 0, 0, 0, 0, 0, 0, 0, 0, 0, 0.00791, 0.26137, -0.21728, -0.35176, 0.08366, 0.40491, 0, 0, 0, 0, 0.00296, -0.33071, -0.02224, -0.32999, -0.02226, -0.33, -0.03079, -0.57803, -0.03897, -0.5775, -0.03074, -0.57802, -0.10493, -1.15286, -0.06148, -1.15601, -0.03752, -0.41173, -0.03752, -0.41173, -0.05996, -0.65877, -0.05283, -2.40303, 0.03761, -2.40337, 0.00346, -2.40364, -1.19792, -1.30248, -1.1481, -1.34661, -1.16711, -1.33018, 0, 0, 0, 0, 0, 0, 0, 0, -0.10987, -2.06429, -0.13918, -2.06249, 0, 0, 0, 0, 0, 0, -0.03752, -0.41174, -0.02198, -0.41289, -0.01757, -0.33029, -0.02637, -0.49542, -0.0334, -0.49499, -0.02224, -0.32999, 0.00517, -0.57877, -0.03894, -0.57751, 0, 0, 0, 0, 0, 0, -0.09508, 0.3168 ]
						},
						{
							"time": 0.6,
							"vertices": [ -0.04496, -0.49408, -0.02635, -0.49543, -0.03338, -0.49499, 0.01665, 0.24747, 0, 0, 0, 0, 0.05854, 0.00576, 0.02333, -7.5E-4, 0, 0, 0, 0, 0, 0, -0.34424, 0.37831, 0, 0, 0, 0, 0, 0, 0, 0, 0, 0, 0, 0, 0, 0, 0, 0, 0, 0, 0, 0, 0, 0, 0, 0, 0, 0, 0, 0, 0, 0, 0, 0, 0, 0, 0, 0, 0, 0, 0, 0, 0, 0, 0, 0, 0, 0, 0, 0, 0, 0, 0, 0, 0, 0, 0, 0, 0, 0, 0, 0, 0, 0, 0, 0, 0, 0, 0, 0, 0, 0, 0, 0, 0, 0, 0, 0, 0.00791, 0.26137, -0.21728, -0.35176, 0.08366, 0.40491, 0.17359, -0.47204, -0.45376, 0.2172, 0.00296, -0.33071, -0.02224, -0.32999, -0.02226, -0.33, -0.03079, -0.57803, -0.03897, -0.5775, -0.03074, -0.57802, -0.10493, -1.15286, -0.06148, -1.15601, -0.03752, -0.41173, -0.03752, -0.41173, -0.05996, -0.65877, -0.05283, -2.40303, 0.03761, -2.40337, 0.00346, -2.40364, -1.19792, -1.30248, -1.1481, -1.34661, -1.16711, -1.33018, 0, 0, 0, 0, 0, 0, 0, 0, -0.10987, -2.06429, -0.13918, -2.06249, 0, 0, 0, 0, 0, 0, -0.03752, -0.41174, -0.02198, -0.41289, -0.01757, -0.33029, -0.02637, -0.49542, -0.0334, -0.49499, -0.02224, -0.32999, 0.00517, -0.57877, -0.03894, -0.57751, -0.21292, -0.20867, 0, 0, 0, 0, -0.09508, 0.3168 ]
						},
						{
							"time": 0.6333,
							"vertices": [ -0.04496, -0.49408, -0.02635, -0.49543, -0.03338, -0.49499, 0.01665, 0.24747, 0, 0, 0, 0, -0.14903, -0.15335, -0.2159, -0.10641, 0, 0, 0, 0, 0, 0, -0.34424, 0.37831, 0, 0, 0, 0, 0, 0, 0, 0, 0, 0, 0, 0, 0, 0, 0, 0, 0, 0, 0, 0, 0, 0, 0, 0, 0, 0, 0, 0, 0, 0, 0, 0, 0, 0, 0, 0, 0, 0, 0, 0, 0, 0, 0, 0, 0, 0, 0, 0, 0, 0, 0, 0, 0, 0, 0, 0, 0, 0, 0, 0, 0, 0, 0, 0, 0, 0, 0, 0, 0, 0, 0, 0, 0, 0, 0, 0, 0.00791, 0.26137, -0.21728, -0.35176, 0.08366, 0.40491, 0.12238, -0.57718, -0.49079, 0.3281, 0.00296, -0.33071, -0.02224, -0.32999, -0.02226, -0.33, -0.03079, -0.57803, -0.03897, -0.5775, -0.03074, -0.57802, -0.10493, -1.15286, -0.06148, -1.15601, -0.16757, -1.06031, -0.03752, -0.41173, -0.05996, -0.65877, -0.05283, -2.40303, 0.03761, -2.40337, 0.00346, -2.40364, -1.19792, -1.30248, -1.1481, -1.34661, -1.16711, -1.33018, 0, 0, 0, 0, 0, 0, 0, 0, -0.10265, -1.56828, -0.18593, -1.56864, 0, 0, 0, 0, -0.06501, -0.32427, -0.03752, -0.41174, -0.02198, -0.41289, -0.01757, -0.33029, -0.02637, -0.49542, -0.0334, -0.49499, -0.02224, -0.32999, 0.00517, -0.57877, -0.03894, -0.57751, -0.28836, -0.49713, 0, 0, 0, 0, -0.09508, 0.3168 ]
						},
						{
							"time": 0.6666,
							"vertices": [ 0.17437, -0.10655, 0.09819, -0.06792, 0.02589, -0.05369, 0.01665, 0.24747, 0, 0, 0, 0, -0.14903, -0.15335, -0.2159, -0.10641, 0, 0, 0, 0, 0, 0, -0.34424, 0.37831, 0, 0, 0, 0, 0, 0, 0, 0, 0, 0, 0, 0, 0, 0, 0, 0, 0, 0, 0, 0, 0, 0, 0, 0, 0, 0, 0, 0, 0, 0, 0, 0, 0, 0, 0, 0, 0, 0, 0, 0, 0, 0, 0, 0, 0, 0, 0, 0, 0, 0, 0, 0, 0, 0, 0, 0, 0, 0, 0, 0, 0, 0, 0, 0, 0, 0, 0, 0, 0, 0, 0, 0, 0, 0, 0, 0, 0.00791, 0.26137, -0.21728, -0.35176, 0.08366, 0.40491, 0.12238, -0.57718, -0.49079, 0.3281, 0.00296, -0.33071, -0.02224, -0.32999, -0.02226, -0.33, -0.03079, -0.57803, -0.03897, -0.5775, -0.03074, -0.57802, -0.10493, -1.15286, -0.06148, -1.15601, -0.16757, -1.06031, 0.0865, -1.34626, 0.86123, -1.86798, -0.05283, -2.40303, 0.03761, -2.40337, 0.00346, -2.40364, -1.19792, -1.30248, -1.1481, -1.34661, -1.16711, -1.33018, 0, 0, 0, 0, 0, 0, 0, 0, -0.01827, -0.7293, -0.22782, -0.72648, 0, 0, -0.02884, -0.83044, -0.10932, -0.65201, -0.03752, -0.41174, -0.02198, -0.41289, -0.01757, -0.33029, -0.02637, -0.49542, -0.0334, -0.49499, -0.02224, -0.32999, 0.00517, -0.57877, -0.03894, -0.57751, -0.28836, -0.49713, 0, 0, 0, 0, -0.09508, 0.3168 ]
						},
						{
							"time": 0.7,
							"vertices": [ 0.17437, -0.10655, 0.09819, -0.06792, 0.02589, -0.05369, 0.01665, 0.24747, 0, 0, 0, 0, -0.14903, -0.15335, -0.2159, -0.10641, 0, 0, 0, 0, 0, 0, -0.34424, 0.37831, 0, 0, 0, 0, 0, 0, 0, 0, 0, 0, 0, 0, 0, 0, 0, 0, 0, 0, 0, 0, 0, 0, 0, 0, 0, 0, 0, 0, 0, 0, 0, 0, 0, 0, 0, 0, 0, 0, 0, 0, 0, 0, 0, 0, 0, 0, 0, 0, 0, 0, 0, 0, 0, 0, 0, 0, 0, 0, 0, 0, 0, 0, 0, 0, 0, 0, 0, 0, 0, 0, 0, 0, 0, 0, 0, 0, 0.00791, 0.26137, -0.21728, -0.35176, 0.08366, 0.40491, 0.12238, -0.57718, -0.49079, 0.3281, 0.00296, -0.33071, -0.02224, -0.32999, -0.02226, -0.33, -0.03079, -0.57803, -0.03897, -0.5775, -0.03074, -0.57802, -0.10493, -1.15286, -0.06148, -1.15601, -0.16757, -1.06031, 0.0865, -1.34626, 0.86123, -1.86798, -0.05283, -2.40303, 0.03761, -2.40337, 0.00346, -2.40364, -1.19792, -1.30248, -1.1481, -1.34661, -1.16711, -1.33018, 0, 0, 0, 0, 0, 0, 0, 0, -0.01827, -0.7293, -0.22782, -0.72648, -0.06188, -0.09929, -0.02884, -0.83044, -0.10932, -0.65201, -0.03752, -0.41174, -0.02198, -0.41289, -0.01757, -0.33029, -0.02637, -0.49542, -0.0334, -0.49499, -0.02224, -0.32999, 0.00517, -0.57877, -0.03894, -0.57751, -0.28836, -0.49713, 0, 0, 0, 0, -0.09508, 0.3168 ]
						}
					]
				},
				"guang_quan2": {
					"guang_quan": [
						{ "time": 1.3666, "curve": "stepped" },
						{ "time": 1.4666 },
						{
							"time": 1.5,
							"vertices": [ -0.18541, -0.84383, -0.0368, -0.86316, -0.11466, -0.85633, 0, 0, 0, 0, 0, 0, 0, 0, 0, 0, 0, 0, 0, 0, 0, 0, 0, 0, 0, 0, 0, 0, 0, 0, 0, 0, 0, 0, 0, 0, 0, 0, 0, 0, 0, 0, 0, 0, 0, 0, 0, 0, 0, 0, 0, 0, 0, 0, 0, 0, 0, 0, 0, 0, 0, 0, 0, 0, 0, 0, 0, 0, 0, 0, 0, 0, 0, 0, 0, 0, 0, 0, 0, 0, 0, 0, 0, 0, 0, 0, 0, 0, 0, 0, 0, 0, 0, 0, 0, 0, 0, 0, 0, 0, 0, 0, 0, 0, 0, 0, 0, 0, 0, 0, 0, 0, 0, 0, 0, 0, -0.0368, -0.86316, -0.11466, -0.85633, 0, 0, 0, 0, 0, 0, 0, 0, 0, 0, 0, 0, 0, 0, 0, 0, 0, 0, 0, 0, 0, 0, 0, 0, 0, 0, 0, 0, 0, 0, 0, 0, -0.17181, -4.02811, -0.53518, -3.99618 ]
						},
						{
							"time": 1.6,
							"vertices": [ -0.17053, -0.46014, -0.04694, -0.4793, -0.11656, -0.47233, 0, 0, 0, 0, 0, 0, 0.21551, -0.5341, 0.00309, -0.57598, 0, 0, 0, 0, 0, 0, 0, 0, 0, 0, 0, 0, 0, 0, 0, 0, 0, 0, 0, 0, 0, 0, 0, 0, 0, 0, 0, 0, 0, 0, 0, 0, 0, 0, 0, 0, 0, 0, 0, 0, 0, 0, 0, 0, 0, 0, 0, 0, 0, 0, 0, 0, 0, 0, 0, 0, 0, 0, 0, 0, 0, 0, 0, 0, 0, 0, 0, 0, 0, 0, 0, 0, 0, 0, 0, 0, 0, 0, 0, 0, 0, 0, 0, 0, 0, 0, 0, 0, 0, 0, 0.21548, -0.53415, -0.53173, 0.22145, 0, 0, 0, 0, 0.00308, -0.57598, -0.02648, -1.24702, -0.11259, -1.24031, 0.03336, -1.24757, -0.05162, -1.34306, 0.03598, -1.34352, 0, 0, 0, 0, 0, 0, 0, 0, 0, 0, 0, 0, 0, 0, 0, 0, 0, 0, 0, 0, 0, 0, 0, 0, 0.02986, 0.76738, -0.19697, -3.06847, -0.53971, -3.03618, 0, 0, 0, 0, 0.01493, 0.38369, -0.02209, -0.5756, 0.01544, -0.57579, 0.49037, -0.37107, 0.02059, -0.76772, 0.0041, -0.76799, 0, 0, 0, 0, 0, 0, -0.14067, -0.6777 ]
						},
						{
							"time": 1.7333,
							"offset": 152,
							"vertices": [ 0.09757, -1.70697, 0.35393, -1.67279 ]
						}
					]
				}
			}
		}
	}
}
}