{
"skeleton": { "hash": "S1tbUmSnexK64ziKIj2hQYJa/aM", "spine": "2.1.27", "width": 140, "height": 191.5, "images": "" },
"bones": [
	{ "name": "root" },
	{ "name": "bai", "parent": "root", "length": 78.47, "x": 0.13, "y": -1.02, "rotation": 90, "color": "9c0400ff" },
	{ "name": "blue_1", "parent": "root", "x": 32.29, "y": -24.37, "color": "00ff15ff" },
	{ "name": "blue_2", "parent": "root", "x": 20.04, "y": 49.5, "scaleX": 0.682, "scaleY": 0.682, "color": "00ff15ff" },
	{ "name": "blue_3", "parent": "root", "x": -36.99, "y": 11.6, "color": "00ff15ff" },
	{ "name": "blue_4", "parent": "root", "x": -5.98, "y": -48.11, "scaleX": 0.688, "scaleY": 0.688, "color": "00ff15ff" },
	{ "name": "guangline_1", "parent": "root", "length": 52.82, "x": -34.69, "y": 12.37, "rotation": -90, "color": "00019cff" },
	{ "name": "guangline_2", "parent": "root", "length": 56.27, "x": 3.58, "y": -12.5, "rotation": 90, "color": "00019cff" },
	{ "name": "guangline_3", "parent": "root", "length": 54.36, "x": 37.27, "y": 5.09, "rotation": -90, "color": "00019cff" },
	{ "name": "line", "parent": "root", "length": 78.86, "x": -0.62, "y": 0.5, "rotation": -90, "color": "9c0600ff" },
	{ "name": "xiaodian_1", "parent": "root", "length": 70.05, "x": -28.95, "y": 5.86, "rotation": 180, "color": "e6e600ff" },
	{ "name": "xiaodian_2", "parent": "root", "length": 72.35, "x": 23.1, "y": 4.71, "color": "e6e600ff" }
],
"slots": [
	{ "name": "bai", "bone": "bai", "attachment": "bai" },
	{ "name": "line", "bone": "line", "attachment": "line" },
	{ "name": "guangline_1", "bone": "guangline_1", "attachment": "guangline_1" },
	{ "name": "guangline_2", "bone": "guangline_2", "attachment": "guangline_2" },
	{ "name": "guangline_3", "bone": "guangline_3", "attachment": "guangline_3" },
	{ "name": "blue_1", "bone": "blue_1", "attachment": "blue_1" },
	{ "name": "blue_3", "bone": "blue_3", "attachment": "blue_1" },
	{ "name": "blue_4", "bone": "blue_4", "attachment": "blue_1" },
	{ "name": "blue_2", "bone": "blue_2", "attachment": "blue_1" },
	{ "name": "xiaodian_2", "bone": "xiaodian_2", "attachment": "xiaodian_2" },
	{ "name": "xiaodian_1", "bone": "xiaodian_1", "attachment": "xiaodian_1" }
],
"skins": {
	"default": {
		"bai": {
			"bai": { "x": 0.04, "y": -1.88, "scaleX": 2, "scaleY": 2, "rotation": -90, "width": 65, "height": 91 }
		},
		"blue_1": {
			"blue_1": { "x": -0.8, "y": -1.08, "width": 56, "height": 54 }
		},
		"blue_2": {
			"blue_1": { "x": -0.8, "y": -1.08, "width": 56, "height": 54 }
		},
		"blue_3": {
			"blue_1": { "x": -0.8, "y": -1.08, "width": 56, "height": 54 }
		},
		"blue_4": {
			"blue_1": { "x": -0.8, "y": -1.08, "width": 56, "height": 54 }
		},
		"guangline_1": {
			"guangline_1": { "x": 14.83, "y": 2.18, "scaleX": 2, "scaleY": 2, "rotation": 90, "width": 21, "height": 95 }
		},
		"guangline_2": {
			"guangline_2": { "x": -3.45, "y": -0.4, "scaleX": 2, "scaleY": 2, "rotation": -90, "width": 13, "height": 69 }
		},
		"guangline_3": {
			"guangline_3": { "x": 6.06, "y": 2.21, "scaleX": 2, "scaleY": 2, "rotation": 90, "width": 23, "height": 85 }
		},
		"line": {
			"line": { "x": 1.46, "y": 2.11, "scaleX": 2, "scaleY": 2, "rotation": 90, "width": 70, "height": 95 }
		},
		"xiaodian_1": {
			"xiaodian_1": { "x": 6.55, "y": -0.17, "rotation": -180, "width": 46, "height": 101 }
		},
		"xiaodian_2": {
			"xiaodian_2": { "x": -0.11, "y": -0.67, "width": 61, "height": 119 }
		}
	}
},
"animations": {
	"default": {
		"slots": {
			"bai": {
				"color": [
					{ "time": 0, "color": "ffffff00", "curve": "stepped" },
					{ "time": 0.2333, "color": "ffffff00" },
					{ "time": 0.3, "color": "ffffffff" },
					{ "time": 0.5, "color": "ffffff00" }
				]
			},
			"blue_1": {
				"color": [
					{ "time": 0, "color": "ffffff00" },
					{ "time": 0.1333, "color": "ffffffff", "curve": "stepped" },
					{ "time": 0.6, "color": "ffffffff" },
					{ "time": 0.8333, "color": "ffffff00" }
				]
			},
			"blue_2": {
				"color": [
					{ "time": 0, "color": "ffffff00" },
					{ "time": 0.1333, "color": "ffffffff", "curve": "stepped" },
					{ "time": 0.5333, "color": "ffffffff" },
					{ "time": 0.7, "color": "ffffff00" }
				]
			},
			"blue_3": {
				"color": [
					{ "time": 0, "color": "ffffff00" },
					{ "time": 0.1333, "color": "ffffffff", "curve": "stepped" },
					{ "time": 0.6, "color": "ffffffff" },
					{ "time": 0.8, "color": "ffffff00" }
				]
			},
			"blue_4": {
				"color": [
					{ "time": 0, "color": "ffffff00" },
					{ "time": 0.1333, "color": "ffffffff", "curve": "stepped" },
					{ "time": 0.5, "color": "ffffffff" },
					{ "time": 0.7, "color": "ffffff00" }
				]
			},
			"guangline_1": {
				"color": [
					{ "time": 0, "color": "ffffff00", "curve": "stepped" },
					{ "time": 0.3, "color": "ffffff00" },
					{ "time": 0.4333, "color": "ffffffff", "curve": "stepped" },
					{ "time": 0.6, "color": "ffffffff" },
					{ "time": 0.7, "color": "ffffff00", "curve": "stepped" },
					{ "time": 1, "color": "ffffff00" }
				]
			},
			"guangline_2": {
				"color": [
					{ "time": 0, "color": "ffffff00", "curve": "stepped" },
					{ "time": 0.2, "color": "ffffff00" },
					{ "time": 0.3333, "color": "ffffffff", "curve": "stepped" },
					{ "time": 0.5, "color": "ffffffff" },
					{ "time": 0.8333, "color": "ffffff00", "curve": "stepped" },
					{ "time": 1, "color": "ffffff00" }
				]
			},
			"guangline_3": {
				"color": [
					{ "time": 0, "color": "ffffff00", "curve": "stepped" },
					{ "time": 0.2, "color": "ffffff00" },
					{ "time": 0.3333, "color": "ffffffff", "curve": "stepped" },
					{ "time": 0.4333, "color": "ffffffff" },
					{ "time": 0.7333, "color": "ffffff00", "curve": "stepped" },
					{ "time": 1, "color": "ffffff00" }
				]
			},
			"line": {
				"color": [
					{ "time": 0, "color": "ffffff00", "curve": "stepped" },
					{ "time": 0.1, "color": "ffffff00" },
					{ "time": 0.3, "color": "ffffffff" },
					{ "time": 0.7, "color": "ffffff00" }
				]
			},
			"xiaodian_1": {
				"color": [
					{ "time": 0, "color": "ffffff00" },
					{ "time": 0.2, "color": "ffffffff", "curve": "stepped" },
					{ "time": 0.6, "color": "ffffffff" },
					{ "time": 0.7, "color": "ffffff00" }
				]
			},
			"xiaodian_2": {
				"color": [
					{ "time": 0, "color": "ffffff00" },
					{ "time": 0.2, "color": "ffffffff", "curve": "stepped" },
					{ "time": 0.6, "color": "ffffffff" },
					{ "time": 0.7, "color": "ffffff00" }
				]
			}
		},
		"bones": {
			"guangline_1": {
				"rotate": [
					{ "time": 0, "angle": 0 }
				],
				"translate": [
					{ "time": 0, "x": 0, "y": -139.91 },
					{ "time": 1, "x": 0, "y": 171.14 }
				],
				"scale": [
					{ "time": 0, "x": 1, "y": 1 }
				]
			},
			"guangline_2": {
				"rotate": [
					{ "time": 0, "angle": 0 }
				],
				"translate": [
					{ "time": 0, "x": 0, "y": -128.73 },
					{ "time": 1, "x": 0, "y": 114.25 }
				],
				"scale": [
					{ "time": 0, "x": 1, "y": 1 }
				]
			},
			"guangline_3": {
				"rotate": [
					{ "time": 0, "angle": 0 }
				],
				"translate": [
					{ "time": 0, "x": 0, "y": -170.4 },
					{ "time": 1, "x": 0, "y": 171.14 }
				],
				"scale": [
					{ "time": 0, "x": 1, "y": 1 }
				]
			},
			"blue_1": {
				"rotate": [
					{ "time": 0, "angle": 0 }
				],
				"translate": [
					{ "time": 0, "x": 0, "y": -18.93 },
					{ "time": 0.8333, "x": 0, "y": 10.22 }
				],
				"scale": [
					{ "time": 0.0333, "x": 0.505, "y": 0.505 },
					{ "time": 0.5, "x": 1.264, "y": 1.264 },
					{ "time": 0.8333, "x": 0.799, "y": 0.799 }
				]
			},
			"blue_2": {
				"rotate": [
					{ "time": 0, "angle": 0 }
				],
				"translate": [
					{ "time": 0, "x": 0, "y": -35.13 },
					{ "time": 0.7333, "x": 0, "y": -4.89 }
				],
				"scale": [
					{ "time": 0, "x": 1, "y": 1 }
				]
			},
			"blue_3": {
				"rotate": [
					{ "time": 0, "angle": 0 }
				],
				"translate": [
					{ "time": 0, "x": 0, "y": -18.39 },
					{ "time": 0.8333, "x": 0, "y": 28.04 }
				],
				"scale": [
					{ "time": 0, "x": 0.663, "y": 0.663 },
					{ "time": 0.2333, "x": 1.72, "y": 1.72, "curve": "stepped" },
					{ "time": 0.5, "x": 1.72, "y": 1.72 },
					{ "time": 0.8, "x": 0.41, "y": 0.41 }
				]
			},
			"blue_4": {
				"rotate": [
					{ "time": 0, "angle": 0 }
				],
				"translate": [
					{ "time": 0, "x": 0, "y": -18.39 },
					{ "time": 0.8, "x": 0, "y": 64.76 }
				],
				"scale": [
					{ "time": 0, "x": 1, "y": 1 },
					{ "time": 0.7333, "x": 0.606, "y": 0.606 }
				]
			},
			"xiaodian_1": {
				"rotate": [
					{ "time": 0, "angle": 0 }
				],
				"translate": [
					{ "time": 0, "x": 0, "y": -49.09 },
					{ "time": 0.3333, "x": 0, "y": -35.25 },
					{ "time": 0.7333, "x": 0, "y": 61.68 }
				],
				"scale": [
					{ "time": 0, "x": 1, "y": 1 }
				]
			},
			"xiaodian_2": {
				"rotate": [
					{ "time": 0, "angle": 0 }
				],
				"translate": [
					{ "time": 0, "x": 0, "y": -69.12 },
					{ "time": 0.3333, "x": 0, "y": -35.25 },
					{ "time": 0.7333, "x": 0, "y": 53.28 }
				],
				"scale": [
					{ "time": 0, "x": 1, "y": 1 }
				]
			},
			"line": {
				"scale": [
					{ "time": 0, "x": 0.9, "y": 0.9 },
					{ "time": 0.3, "x": 1, "y": 1 },
					{ "time": 0.5, "x": 0.967, "y": 0.967 },
					{ "time": 0.7333, "x": 1.12, "y": 1.12 }
				]
			}
		}
	}
}
}